city,service_type,distance_km,hour,day_of_week,month,vehicle_type,price
Jaipur,Taxi,29.92,7,1,3,Sedan,553.44
Jaipur,Taxi,17.45,0,0,4,SUV,450.55
Pune,Taxi,8.75,20,5,9,SUV,288.45
Bengaluru,Auto,30.59,5,5,7,Standard,484.17
Nagpur,Taxi,4.99,12,0,6,Hatchback,111.99
Pune,Auto,29.46,17,0,7,Standard,312.97
Delhi,Auto,28.48,1,5,4,Standard,524.11
Mumbai,Taxi,15.82,14,5,6,Sedan,393.75
Delhi,Taxi,11.41,21,5,2,SUV,411.95
Nagpur,Taxi,19.03,8,5,12,Sedan,346.39
Jaipur,Auto,9.93,1,6,6,Standard,137.94
Mumbai,Taxi,35.18,10,1,11,SUV,1125.64
Jaipur,Auto,11.33,7,5,9,Standard,143.89
Jaipur,Auto,15.12,4,4,8,Standard,170.77
Mumbai,Taxi,25.47,21,3,10,Sedan,555.36
Bengaluru,Auto,38.87,0,5,12,Standard,656.08
Pune,Auto,5.35,13,1,8,Standard,77.31
Jaipur,Auto,20.8,3,6,11,Standard,249.15
Jaipur,Taxi,15.58,5,4,9,Sedan,323.84
Pune,Auto,1.76,11,6,5,Standard,48.24
Nagpur,Taxi,29.54,2,6,9,Sedan,593.58
Nagpur,Auto,11.34,19,3,4,Standard,139.04
Goa,Taxi,13.16,21,5,6,SUV,557.18
Pune,Auto,10.67,2,2,1,Standard,170.56
Nagpur,Taxi,3.77,20,0,4,Sedan,86.53
Mumbai,Auto,21.05,8,5,8,Standard,306.95
Nagpur,Auto,31.6,13,1,2,Standard,278.57
Bengaluru,Auto,17.03,23,0,11,Standard,338.91
Jaipur,Taxi,16.7,10,6,2,Sedan,308.04
Nagpur,Auto,17.45,8,3,4,Standard,197.32
Mumbai,Auto,2.97,17,6,1,Standard,87.85
Goa,Taxi,16.85,15,1,7,Sedan,538.7
Nagpur,Auto,39.43,8,6,8,Standard,377.31
Jaipur,Auto,8.41,6,0,10,Standard,113.83
Mumbai,Auto,2.96,15,4,9,Standard,68.9
Pune,Taxi,3.67,2,5,4,Sedan,136.91
Pune,Taxi,24.19,19,0,7,SUV,680.07
Pune,Auto,8.97,22,2,4,Standard,137.7
Nagpur,Auto,13.33,2,0,8,Standard,162.97
Pune,Taxi,21.97,16,2,3,Sedan,491.78
Mumbai,Taxi,12.11,14,6,9,Hatchback,323.54
Pune,Taxi,32.87,9,5,2,SUV,1005.37
Nagpur,Auto,35.7,23,4,3,Standard,359.08
Pune,Taxi,14.37,21,5,5,SUV,438.09
Delhi,Taxi,25.74,8,0,1,Sedan,547.04
Nagpur,Auto,29.91,17,5,7,Standard,312.35
Mumbai,Taxi,36.25,17,0,6,SUV,1180.55
Nagpur,Auto,2.63,11,6,1,Standard,54.85
Nagpur,Taxi,5.01,17,6,7,SUV,181.79
Jaipur,Taxi,34.72,5,3,1,Sedan,554.31
Delhi,Auto,11.41,22,0,7,Standard,231.37
Goa,Auto,8.78,14,2,5,Standard,187.06
Goa,Taxi,1.92,6,3,6,Sedan,111.73
Mumbai,Auto,26.02,12,5,9,Standard,382.29
Mumbai,Taxi,7.96,8,0,2,Hatchback,216.51
Delhi,Auto,24.64,16,0,7,Standard,360.19
Nagpur,Auto,28.64,0,4,9,Standard,323.84
Jaipur,Taxi,17.82,21,2,10,Hatchback,283.84
Goa,Taxi,36.1,16,2,11,SUV,1284.01
Bengaluru,Auto,8.48,21,3,11,Standard,170.71
Nagpur,Auto,22.37,0,2,5,Standard,230.62
Goa,Auto,18.23,21,1,9,Standard,313.42
Goa,Taxi,4.31,16,5,11,SUV,259.17
Mumbai,Taxi,13.11,6,1,1,SUV,419.14
Bengaluru,Taxi,17.16,20,4,4,Hatchback,451.65
Bengaluru,Auto,10.52,20,5,1,Standard,218.86
Goa,Taxi,9.53,22,4,8,Hatchback,321.72
Nagpur,Taxi,6.2,14,5,9,Hatchback,140.4
Pune,Auto,24.89,23,4,7,Standard,370.9
Pune,Auto,30.0,15,3,5,Standard,375.39
Goa,Auto,25.44,8,3,2,Standard,445.31
Nagpur,Auto,13.47,17,0,3,Standard,133.06
Bengaluru,Taxi,9.34,13,3,6,SUV,394.36
Bengaluru,Taxi,33.48,12,6,10,Sedan,1009.57
Mumbai,Auto,1.23,11,2,7,Standard,56.67
Goa,Auto,20.04,8,3,8,Standard,303.87
Delhi,Auto,33.78,4,4,9,Standard,485.74
Bengaluru,Taxi,26.07,4,6,8,Sedan,770.29
Delhi,Auto,9.25,10,2,7,Standard,136.34
Goa,Auto,33.56,15,0,12,Standard,550.56
Delhi,Taxi,3.68,20,0,1,SUV,192.34
Nagpur,Taxi,6.94,4,3,11,SUV,194.18
Nagpur,Auto,30.91,5,4,10,Standard,335.82
Jaipur,Taxi,38.62,3,4,1,Sedan,804.27
Pune,Auto,37.72,6,0,10,Standard,457.38
Jaipur,Taxi,28.19,9,6,11,Sedan,533.39
Mumbai,Taxi,21.78,21,2,2,Hatchback,485.94
Delhi,Taxi,33.07,3,3,6,Hatchback,832.18
Goa,Auto,17.98,23,4,11,Standard,382.85
Goa,Auto,17.99,23,4,5,Standard,388.12
Nagpur,Taxi,35.38,7,6,8,Hatchback,548.35
Jaipur,Auto,2.12,10,1,8,Standard,44.08
Goa,Auto,11.91,19,5,5,Standard,234.78
Pune,Taxi,10.41,13,3,9,Sedan,252.09
Jaipur,Auto,18.48,0,0,5,Standard,209.83
Jaipur,Taxi,26.89,11,3,9,Hatchback,430.89
Bengaluru,Auto,28.41,8,2,5,Standard,419.12
Jaipur,Taxi,5.66,17,6,12,Hatchback,118.42
Nagpur,Auto,29.26,16,4,5,Standard,320.48
Goa,Taxi,9.87,5,2,1,Hatchback,299.31
Nagpur,Auto,39.0,17,2,12,Standard,414.97
Jaipur,Auto,35.04,18,2,8,Standard,361.53
Delhi,Taxi,10.85,15,0,2,Sedan,265.52
Mumbai,Taxi,6.82,18,2,2,Sedan,234.94
Mumbai,Auto,31.25,12,3,8,Standard,426.69
Pune,Auto,23.18,1,4,12,Standard,291.39
Goa,Taxi,9.23,21,0,3,SUV,380.66
Pune,Taxi,1.1,14,5,10,Sedan,72.76
Mumbai,Taxi,28.57,22,6,8,Hatchback,700.45
Nagpur,Auto,17.58,17,1,11,Standard,166.87
Delhi,Taxi,3.33,9,4,12,Sedan,131.06
Delhi,Auto,19.28,9,5,7,Standard,307.07
Pune,Auto,4.14,1,3,12,Standard,82.25
Delhi,Taxi,9.93,21,6,10,Sedan,271.85
Mumbai,Auto,30.76,5,3,9,Standard,458.11
Delhi,Taxi,18.0,15,0,8,SUV,539.81
Delhi,Auto,34.45,10,3,12,Standard,445.91
Jaipur,Auto,18.74,10,2,6,Standard,187.83
Goa,Auto,26.65,17,3,7,Standard,394.49
Pune,Auto,25.39,1,1,5,Standard,353.98
Delhi,Auto,5.74,20,4,4,Standard,107.01
Delhi,Taxi,16.91,7,6,2,SUV,552.2
Mumbai,Taxi,37.37,9,4,12,Hatchback,750.75
Goa,Auto,10.51,17,1,7,Standard,184.83
Pune,Taxi,11.77,13,2,9,Sedan,247.23
Mumbai,Auto,33.66,18,5,8,Standard,548.54
Bengaluru,Auto,13.97,17,3,8,Standard,265.12
Goa,Taxi,10.31,12,1,7,SUV,394.0
Jaipur,Auto,16.06,21,6,11,Standard,212.19
Bengaluru,Taxi,20.59,18,2,2,Sedan,609.38
Bengaluru,Taxi,36.51,0,5,3,SUV,1501.19
Jaipur,Taxi,19.31,8,2,10,Sedan,370.33
Jaipur,Taxi,34.24,17,3,6,Hatchback,549.79
Goa,Auto,25.08,7,5,11,Standard,483.47
Nagpur,Taxi,39.16,20,5,2,Hatchback,584.88
Jaipur,Auto,2.79,1,2,6,Standard,57.39
Nagpur,Taxi,17.07,21,6,3,SUV,386.41
Mumbai,Auto,20.41,18,1,4,Standard,302.56
Delhi,Auto,27.01,14,2,11,Standard,361.11
Mumbai,Auto,39.52,9,5,7,Standard,612.29
Bengaluru,Auto,39.98,15,0,4,Standard,597.21
Delhi,Auto,1.86,21,3,5,Standard,48.79
Goa,Taxi,30.06,9,6,4,SUV,1194.4
Delhi,Taxi,8.42,8,5,12,SUV,337.0
Jaipur,Taxi,4.79,20,5,1,SUV,164.52
Bengaluru,Taxi,15.23,4,0,5,SUV,640.59
Bengaluru,Taxi,6.15,17,2,9,Sedan,212.69
Delhi,Taxi,36.65,15,6,5,Hatchback,788.72
Delhi,Taxi,38.55,4,6,4,Hatchback,1060.05
Jaipur,Auto,4.52,12,0,5,Standard,71.01
Bengaluru,Auto,23.8,20,2,2,Standard,397.74
Bengaluru,Taxi,35.49,17,2,10,SUV,1154.86
Mumbai,Auto,26.32,3,1,1,Standard,509.39
Delhi,Auto,4.79,17,1,7,Standard,89.47
Jaipur,Auto,35.53,20,0,8,Standard,378.3
Delhi,Taxi,15.45,14,3,4,SUV,533.32
Mumbai,Auto,3.36,8,1,2,Standard,89.01
Goa,Auto,26.85,20,5,10,Standard,519.79
Mumbai,Auto,39.56,18,1,2,Standard,602.38
Pune,Taxi,9.42,7,2,3,SUV,316.94
Pune,Taxi,34.48,4,1,9,Hatchback,652.57
Nagpur,Taxi,34.79,4,0,6,SUV,892.41
Nagpur,Auto,7.8,1,1,12,Standard,101.65
Mumbai,Taxi,18.48,11,4,10,Hatchback,380.51
Pune,Taxi,2.69,21,4,5,SUV,131.53
Mumbai,Taxi,34.04,13,5,2,Hatchback,762.61
Bengaluru,Taxi,13.56,4,0,3,Sedan,424.76
Jaipur,Auto,39.79,16,2,8,Standard,409.53
Bengaluru,Taxi,5.46,20,5,9,SUV,292.62
Nagpur,Auto,35.64,13,2,8,Standard,336.38
Jaipur,Taxi,17.64,21,2,6,Hatchback,326.58
Jaipur,Auto,4.56,2,0,7,Standard,70.32
Jaipur,Auto,22.7,18,4,9,Standard,234.91
Mumbai,Auto,35.07,13,6,12,Standard,467.47
Delhi,Auto,5.04,16,1,3,Standard,97.0
Nagpur,Taxi,33.97,11,0,5,Hatchback,503.39
Goa,Auto,24.75,21,6,12,Standard,409.69
Nagpur,Auto,36.94,11,0,3,Standard,388.1
Pune,Auto,6.53,20,0,2,Standard,106.46
Nagpur,Auto,18.69,5,2,5,Standard,202.43
Goa,Taxi,7.07,19,0,11,Sedan,221.97
Bengaluru,Auto,24.68,13,2,4,Standard,418.52
Mumbai,Auto,5.32,21,5,10,Standard,111.18
Jaipur,Auto,9.6,19,0,1,Standard,110.71
Nagpur,Taxi,12.29,3,0,8,Hatchback,235.27
Nagpur,Taxi,21.77,7,4,9,Hatchback,356.29
Goa,Auto,16.49,23,0,7,Standard,332.71
Mumbai,Auto,23.36,22,5,7,Standard,411.97
Bengaluru,Taxi,7.7,19,3,12,Hatchback,247.47
Mumbai,Auto,10.49,18,3,9,Standard,156.82
Goa,Auto,9.64,5,0,9,Standard,192.57
Pune,Taxi,14.69,20,6,3,Hatchback,278.32
Nagpur,Auto,7.77,4,6,11,Standard,97.43
Goa,Auto,30.42,18,3,11,Standard,549.03
Pune,Auto,6.89,2,3,8,Standard,123.86
Goa,Auto,14.73,2,2,8,Standard,337.89
Mumbai,Auto,3.99,2,4,10,Standard,106.58
Bengaluru,Taxi,36.45,18,5,4,Hatchback,850.07
Bengaluru,Taxi,18.57,10,5,2,Sedan,536.8
Nagpur,Taxi,28.6,14,4,9,Sedan,481.36
Delhi,Auto,16.11,10,5,10,Standard,212.11
Jaipur,Auto,13.86,17,5,7,Standard,159.35
Jaipur,Taxi,4.18,21,1,6,Hatchback,96.11
Jaipur,Auto,24.21,2,2,9,Standard,276.91
Goa,Auto,27.13,23,5,9,Standard,553.02
Jaipur,Auto,1.71,9,1,4,Standard,41.77
Goa,Auto,9.84,4,1,2,Standard,234.4
Goa,Taxi,31.06,23,4,1,SUV,1543.34
Goa,Taxi,15.69,5,1,12,SUV,664.64
Goa,Taxi,18.07,13,2,11,SUV,741.48
Bengaluru,Auto,10.13,7,2,8,Standard,202.8
Nagpur,Auto,19.01,9,6,7,Standard,204.99
Bengaluru,Taxi,32.25,4,6,5,Sedan,904.21
Bengaluru,Auto,28.74,16,6,2,Standard,450.97
Goa,Taxi,18.52,16,1,7,Hatchback,432.69
Nagpur,Auto,37.29,13,0,7,Standard,359.78
Nagpur,Auto,15.62,0,2,2,Standard,195.77
Jaipur,Auto,6.37,9,6,8,Standard,96.92
Nagpur,Auto,25.0,2,0,5,Standard,255.21
Nagpur,Auto,31.27,7,2,2,Standard,272.28
Bengaluru,Auto,5.32,15,4,9,Standard,102.19
Pune,Taxi,6.6,13,0,10,SUV,219.83
Pune,Auto,26.91,2,4,6,Standard,330.46
Pune,Taxi,35.06,1,5,7,Hatchback,825.62
Delhi,Taxi,31.75,11,1,12,Hatchback,644.41
Mumbai,Auto,2.73,17,2,11,Standard,66.42
Goa,Auto,25.64,4,0,12,Standard,591.34
Bengaluru,Taxi,8.86,6,0,6,Hatchback,275.87
Pune,Auto,10.88,20,1,5,Standard,142.44
Goa,Taxi,13.95,3,6,6,SUV,759.98
Bengaluru,Auto,14.22,5,3,12,Standard,243.62
Goa,Auto,29.36,2,3,10,Standard,701.64
Nagpur,Auto,5.0,10,5,5,Standard,69.09
Pune,Auto,27.9,11,3,1,Standard,349.36
Delhi,Auto,25.94,1,0,11,Standard,444.55
Delhi,Taxi,6.57,19,5,8,Sedan,173.87
Mumbai,Taxi,15.29,12,4,1,SUV,548.61
Jaipur,Auto,15.51,2,4,3,Standard,194.85
Bengaluru,Auto,10.73,3,0,12,Standard,205.77
Pune,Auto,11.21,8,5,8,Standard,147.76
Pune,Auto,8.81,4,6,2,Standard,149.38
Jaipur,Auto,32.61,10,5,6,Standard,375.02
Pune,Auto,34.2,22,5,12,Standard,498.16
Goa,Auto,5.73,6,6,3,Standard,125.86
Bengaluru,Taxi,22.61,11,3,9,Hatchback,498.28
Mumbai,Taxi,16.53,22,5,8,Hatchback,483.39
Goa,Auto,5.89,10,5,2,Standard,135.22
Jaipur,Auto,35.24,17,5,10,Standard,354.29
Nagpur,Auto,33.42,16,1,5,Standard,298.64
Delhi,Taxi,37.95,16,2,2,Hatchback,688.75
Jaipur,Auto,25.38,19,4,2,Standard,270.82
Nagpur,Taxi,26.69,23,4,6,Sedan,524.2
Pune,Taxi,4.17,20,6,10,Sedan,123.9
Nagpur,Auto,20.42,20,4,5,Standard,214.86
Delhi,Auto,32.38,21,3,5,Standard,416.86
Jaipur,Taxi,18.14,15,3,4,Sedan,322.38
Nagpur,Auto,29.63,11,3,3,Standard,308.85
Pune,Taxi,10.43,3,2,8,Hatchback,231.17
Mumbai,Taxi,37.87,19,3,4,Hatchback,893.09
Nagpur,Auto,8.4,5,3,9,Standard,98.81
Delhi,Auto,4.51,12,4,8,Standard,96.88
Nagpur,Auto,2.97,15,4,11,Standard,52.83
Delhi,Taxi,17.81,8,5,6,Sedan,459.1
Delhi,Taxi,3.0,17,1,6,Hatchback,104.82
Mumbai,Auto,30.81,8,6,10,Standard,484.95
Mumbai,Taxi,16.36,10,4,6,Sedan,445.62
Nagpur,Auto,2.77,4,5,6,Standard,60.64
Pune,Auto,24.64,16,1,6,Standard,326.77
Delhi,Taxi,39.63,23,6,5,Hatchback,1023.75
Pune,Auto,19.52,0,2,6,Standard,288.49
Bengaluru,Auto,24.28,8,5,10,Standard,415.67
Jaipur,Taxi,19.74,16,5,12,SUV,526.19
Goa,Auto,33.04,7,0,10,Standard,595.43
Mumbai,Taxi,18.2,13,1,7,Sedan,481.45
Bengaluru,Auto,28.53,16,1,9,Standard,430.94
Jaipur,Auto,13.24,5,3,9,Standard,148.27
Delhi,Auto,8.5,7,2,9,Standard,128.47
Delhi,Auto,27.92,15,2,8,Standard,354.68
Goa,Auto,5.75,21,4,7,Standard,140.43
Bengaluru,Auto,12.33,9,5,2,Standard,219.0
Bengaluru,Auto,9.35,17,2,9,Standard,181.82
Nagpur,Taxi,29.89,7,1,1,SUV,686.14
Pune,Taxi,10.08,3,3,6,SUV,378.05
Mumbai,Taxi,38.62,5,3,11,Sedan,1004.61
Bengaluru,Auto,30.48,9,2,5,Standard,494.65
Goa,Taxi,23.39,17,5,12,SUV,1006.14
Mumbai,Taxi,35.41,5,0,7,Hatchback,807.3
Nagpur,Auto,1.36,18,4,2,Standard,39.97
Delhi,Auto,39.57,17,4,8,Standard,555.28
Nagpur,Auto,8.52,3,2,3,Standard,116.89
Jaipur,Auto,1.55,10,6,5,Standard,44.69
Goa,Taxi,24.83,20,3,7,Sedan,693.28
Mumbai,Auto,8.21,4,3,6,Standard,191.37
Mumbai,Auto,10.19,8,2,5,Standard,173.88
Pune,Taxi,26.49,22,1,1,Hatchback,567.22
Bengaluru,Auto,16.81,16,5,5,Standard,308.6
Jaipur,Auto,24.97,7,1,8,Standard,244.51
Jaipur,Auto,28.38,15,6,9,Standard,337.21
Goa,Taxi,27.53,19,6,2,Sedan,801.04
Pune,Auto,36.77,3,0,9,Standard,538.68
Nagpur,Taxi,13.8,16,3,2,Sedan,257.69
Jaipur,Auto,36.06,14,6,1,Standard,387.46
Pune,Auto,22.99,17,3,11,Standard,298.79
Jaipur,Taxi,10.92,0,5,4,Hatchback,232.69
Mumbai,Auto,28.32,17,0,2,Standard,457.64
Bengaluru,Taxi,16.95,4,6,11,Hatchback,571.59
Jaipur,Auto,39.72,12,3,7,Standard,396.13
Jaipur,Taxi,34.55,3,1,9,SUV,864.95
Nagpur,Taxi,30.49,9,3,11,Sedan,523.5
Bengaluru,Auto,10.65,11,1,5,Standard,177.98
Jaipur,Taxi,32.57,13,4,1,Sedan,530.88
Mumbai,Taxi,2.31,19,5,12,SUV,171.12
Nagpur,Taxi,18.12,17,1,1,Hatchback,256.38
Delhi,Taxi,23.47,18,4,11,SUV,762.03
Nagpur,Auto,39.44,16,1,7,Standard,360.82
Mumbai,Taxi,27.47,17,3,1,SUV,998.52
Jaipur,Auto,28.16,13,1,5,Standard,288.52
Goa,Auto,34.12,9,6,12,Standard,531.86
Bengaluru,Taxi,17.09,13,4,9,SUV,585.13
Nagpur,Auto,13.88,2,3,6,Standard,147.79
Jaipur,Taxi,11.47,21,4,10,Sedan,203.27
Mumbai,Taxi,29.25,17,1,8,SUV,883.37
Delhi,Auto,9.26,6,5,2,Standard,160.29
Goa,Auto,28.13,22,1,7,Standard,663.23
Pune,Auto,15.85,17,5,6,Standard,201.53
Delhi,Auto,4.85,23,3,6,Standard,125.34
Delhi,Auto,2.78,7,5,3,Standard,61.59
Pune,Auto,6.94,10,1,7,Standard,106.71
Nagpur,Auto,11.04,15,5,11,Standard,136.98
Bengaluru,Taxi,32.0,5,1,12,SUV,1137.11
Nagpur,Taxi,2.32,2,6,11,SUV,103.99
Mumbai,Auto,33.86,7,0,12,Standard,442.5
Nagpur,Auto,3.36,20,5,10,Standard,62.59
Jaipur,Auto,1.26,17,3,1,Standard,34.56
Jaipur,Auto,1.67,22,5,7,Standard,53.35
Nagpur,Taxi,21.45,7,1,10,Sedan,364.05
Goa,Auto,32.0,2,2,7,Standard,671.92
Nagpur,Taxi,27.68,2,5,11,Hatchback,502.66
Mumbai,Auto,15.71,15,0,11,Standard,214.72
Nagpur,Taxi,33.97,20,6,6,Hatchback,527.53
Goa,Taxi,36.85,7,1,12,SUV,1462.66
Bengaluru,Auto,37.04,21,2,9,Standard,581.1
Mumbai,Taxi,1.61,6,4,3,Hatchback,91.08
Jaipur,Auto,12.67,18,1,10,Standard,160.57
Bengaluru,Auto,30.47,4,6,12,Standard,607.94
Pune,Auto,4.81,7,6,2,Standard,82.75
Goa,Auto,2.16,8,6,8,Standard,77.94
Delhi,Auto,8.24,18,5,7,Standard,124.71
Pune,Auto,28.81,2,2,3,Standard,381.02
Goa,Taxi,16.2,11,0,2,SUV,565.1
Delhi,Auto,30.69,3,1,2,Standard,463.97
Bengaluru,Auto,2.02,11,4,2,Standard,69.67
Goa,Auto,1.48,13,3,2,Standard,67.66
Pune,Taxi,21.32,21,3,3,SUV,534.82
Delhi,Auto,6.69,5,3,5,Standard,111.13
Bengaluru,Taxi,10.82,7,5,11,Hatchback,306.51
Pune,Taxi,5.17,9,0,7,Hatchback,123.57
Pune,Auto,18.17,13,6,11,Standard,264.58
Nagpur,Auto,24.53,22,1,8,Standard,257.24
Bengaluru,Auto,29.66,20,3,10,Standard,497.65
Delhi,Auto,32.84,12,2,2,Standard,471.37
Nagpur,Taxi,30.94,0,5,8,SUV,869.58
Nagpur,Auto,33.42,2,6,7,Standard,390.69
Nagpur,Auto,10.85,4,5,7,Standard,150.25
Mumbai,Auto,23.71,17,4,12,Standard,342.13
Mumbai,Auto,5.27,7,5,11,Standard,106.99
Jaipur,Taxi,39.36,21,5,7,SUV,1063.63
Delhi,Auto,1.41,8,1,9,Standard,52.88
Pune,Taxi,15.59,14,6,11,Hatchback,319.08
Pune,Taxi,39.91,15,0,5,Hatchback,677.6
Mumbai,Taxi,6.53,9,2,8,SUV,293.7
Pune,Auto,19.57,14,5,12,Standard,250.53
Mumbai,Auto,32.6,3,0,6,Standard,579.46
Jaipur,Taxi,10.51,5,4,3,SUV,276.09
Bengaluru,Auto,32.11,20,1,3,Standard,518.29
Bengaluru,Auto,29.76,6,3,10,Standard,459.64
Mumbai,Taxi,11.86,22,6,2,Sedan,411.87
Goa,Taxi,13.71,14,0,5,Hatchback,386.69
Bengaluru,Auto,24.84,18,0,6,Standard,382.6
Bengaluru,Taxi,28.53,9,4,10,SUV,911.25
Nagpur,Auto,10.3,3,1,6,Standard,134.33
Pune,Auto,24.26,18,3,7,Standard,269.99
Jaipur,Taxi,7.51,9,1,3,SUV,213.04
Bengaluru,Taxi,38.12,15,1,4,Hatchback,948.61
Pune,Auto,27.7,13,5,8,Standard,344.68
Mumbai,Taxi,12.39,8,1,9,Sedan,315.71
Goa,Auto,22.44,3,4,2,Standard,464.76
Pune,Auto,30.64,14,4,4,Standard,403.34
Mumbai,Taxi,35.12,1,3,5,Hatchback,866.57
Goa,Taxi,34.75,3,6,4,Hatchback,1072.95
Jaipur,Auto,7.47,4,6,4,Standard,122.59
Goa,Taxi,14.68,8,4,9,SUV,543.0
Jaipur,Auto,23.34,16,5,2,Standard,240.56
Goa,Auto,39.71,20,1,12,Standard,693.67
Nagpur,Taxi,13.56,7,6,11,SUV,336.13
Nagpur,Auto,15.63,2,5,2,Standard,185.76
Jaipur,Auto,18.73,15,2,10,Standard,182.11
Goa,Taxi,38.91,20,5,12,SUV,1427.8
Mumbai,Auto,38.76,6,3,5,Standard,524.35
Delhi,Auto,23.08,15,6,6,Standard,356.25
Goa,Taxi,4.88,14,0,2,Sedan,211.79
Nagpur,Auto,1.03,13,1,12,Standard,36.54
Jaipur,Auto,35.1,8,0,11,Standard,351.77
Mumbai,Auto,3.02,20,2,12,Standard,79.5
Nagpur,Auto,28.44,0,1,8,Standard,276.76
Pune,Taxi,27.52,0,0,12,SUV,814.89
Mumbai,Auto,19.63,7,3,2,Standard,311.46
Mumbai,Taxi,15.33,9,1,7,Hatchback,381.0
Goa,Taxi,39.72,4,0,9,SUV,1893.9
Pune,Taxi,14.7,6,5,12,Hatchback,272.42
Bengaluru,Auto,4.38,3,1,2,Standard,119.91
Bengaluru,Auto,13.27,4,1,5,Standard,273.79
Nagpur,Auto,34.07,21,2,4,Standard,332.04
Pune,Taxi,16.28,20,0,4,SUV,462.54
Mumbai,Taxi,25.89,2,4,1,Hatchback,759.4
Delhi,Taxi,34.57,18,3,6,Hatchback,679.23
Nagpur,Auto,1.65,2,0,5,Standard,39.82
Mumbai,Auto,25.51,16,6,7,Standard,384.19
Bengaluru,Taxi,21.93,19,1,5,SUV,718.5
Mumbai,Taxi,21.92,12,4,11,Sedan,576.5
Jaipur,Taxi,28.25,23,6,4,Hatchback,461.82
Mumbai,Auto,18.68,19,0,5,Standard,293.84
Jaipur,Taxi,1.49,4,5,1,Sedan,73.1
Delhi,Auto,15.5,23,6,5,Standard,303.51
Mumbai,Taxi,32.48,8,4,2,Hatchback,657.44
Pune,Taxi,18.75,11,0,8,Hatchback,378.83
Nagpur,Auto,10.95,3,4,11,Standard,142.01
Nagpur,Taxi,34.49,0,1,1,Sedan,608.93
Bengaluru,Taxi,37.32,1,4,12,Sedan,1168.59
Bengaluru,Taxi,10.68,23,2,5,Hatchback,358.59
Pune,Auto,20.58,1,1,4,Standard,311.29
Mumbai,Auto,35.2,9,6,5,Standard,503.88
Pune,Auto,15.39,9,4,5,Standard,207.49
Nagpur,Auto,24.08,15,6,4,Standard,266.86
Pune,Taxi,1.25,13,0,4,Sedan,73.22
Jaipur,Taxi,1.06,21,3,12,Hatchback,58.8
Mumbai,Taxi,39.34,13,3,1,SUV,1391.1
Nagpur,Auto,2.71,7,6,9,Standard,49.75
Delhi,Auto,23.65,16,1,11,Standard,341.13
Mumbai,Taxi,26.84,4,1,5,Hatchback,662.22
Delhi,Auto,13.4,8,1,2,Standard,214.43
Nagpur,Taxi,5.12,14,3,6,Sedan,114.18
Pune,Auto,18.62,14,2,2,Standard,208.38
Goa,Auto,9.39,10,1,2,Standard,192.12
Delhi,Auto,27.41,8,6,3,Standard,337.25
Bengaluru,Auto,4.69,3,6,3,Standard,116.95
Mumbai,Taxi,8.73,12,2,11,Sedan,259.94
Jaipur,Taxi,23.86,2,0,2,SUV,587.77
Jaipur,Auto,4.59,10,0,1,Standard,78.61
Mumbai,Taxi,17.89,23,3,8,SUV,651.82
Jaipur,Auto,14.8,5,2,5,Standard,166.89
Nagpur,Taxi,25.15,7,5,5,SUV,591.29
Pune,Auto,4.42,12,1,7,Standard,72.13
Goa,Taxi,39.77,17,6,1,SUV,1685.77
Goa,Auto,22.24,15,2,10,Standard,375.82
Bengaluru,Auto,2.02,19,1,1,Standard,74.56
Goa,Auto,32.54,15,4,6,Standard,564.05
Nagpur,Taxi,10.67,7,2,9,Sedan,215.24
Jaipur,Taxi,23.45,12,2,3,Sedan,387.54
Pune,Auto,36.65,0,5,12,Standard,495.87
Pune,Taxi,37.99,15,4,5,SUV,913.52
Mumbai,Taxi,10.07,7,0,9,Sedan,280.05
Delhi,Taxi,14.29,5,6,6,Sedan,320.01
Nagpur,Taxi,34.01,11,0,6,Sedan,577.16
Jaipur,Auto,14.13,10,1,3,Standard,171.72
Bengaluru,Auto,7.79,17,5,10,Standard,169.67
Nagpur,Taxi,12.97,22,2,3,Hatchback,214.24
Mumbai,Auto,8.1,10,6,10,Standard,140.01
Pune,Taxi,6.49,23,0,4,Hatchback,166.31
Delhi,Taxi,35.53,2,6,12,SUV,1411.9
Jaipur,Auto,1.44,6,1,12,Standard,36.59
Delhi,Taxi,1.05,12,3,12,SUV,100.62
Nagpur,Auto,35.39,11,4,7,Standard,309.75
Bengaluru,Taxi,18.6,1,2,1,Sedan,562.52
Mumbai,Taxi,7.63,12,1,12,Hatchback,184.16
Mumbai,Auto,28.48,13,5,3,Standard,443.67
Bengaluru,Taxi,4.95,6,1,7,Sedan,192.5
Jaipur,Auto,12.6,3,0,7,Standard,165.56
Goa,Auto,3.13,0,3,2,Standard,109.93
Jaipur,Auto,4.78,6,1,11,Standard,69.25
Mumbai,Auto,13.03,12,3,8,Standard,227.71
Delhi,Taxi,22.22,5,2,7,SUV,653.06
Bengaluru,Taxi,18.15,8,1,5,Hatchback,457.49
Nagpur,Taxi,27.06,17,3,10,Sedan,416.74
Mumbai,Auto,38.66,21,6,8,Standard,583.64
Nagpur,Auto,4.08,22,0,9,Standard,67.93
Pune,Taxi,38.02,14,1,3,Sedan,817.58
Goa,Taxi,2.66,2,5,7,Sedan,172.99
Goa,Taxi,11.06,23,6,2,SUV,575.23
Pune,Auto,34.41,16,3,1,Standard,429.25
Pune,Auto,17.16,4,4,10,Standard,252.54
Mumbai,Taxi,31.4,9,6,9,SUV,1161.35
Bengaluru,Auto,26.54,18,4,8,Standard,374.42
Delhi,Auto,25.11,21,5,7,Standard,312.18
Delhi,Taxi,30.08,8,2,1,Sedan,631.05
Goa,Auto,11.93,15,6,12,Standard,242.29
Goa,Taxi,12.72,23,3,6,Sedan,476.49
Bengaluru,Taxi,18.23,13,5,8,Sedan,560.51
Goa,Auto,21.1,5,0,5,Standard,376.53
Bengaluru,Taxi,35.29,0,1,4,SUV,1543.3
Nagpur,Taxi,2.29,1,2,12,Sedan,75.88
Delhi,Auto,25.78,3,5,1,Standard,421.52
Bengaluru,Auto,38.46,15,4,9,Standard,571.45
Nagpur,Auto,12.12,12,0,3,Standard,144.38
Goa,Taxi,26.25,21,1,5,Sedan,752.67
Pune,Taxi,1.35,4,5,3,SUV,124.06
Mumbai,Taxi,24.73,9,5,12,Hatchback,590.39
Bengaluru,Auto,18.9,6,3,5,Standard,324.39
Goa,Auto,1.29,21,6,6,Standard,65.37
Pune,Auto,27.69,15,0,6,Standard,367.62
Jaipur,Auto,11.18,22,5,5,Standard,143.54
Pune,Taxi,32.41,19,3,11,Sedan,605.96
Nagpur,Taxi,20.4,9,2,7,SUV,456.41
Jaipur,Taxi,28.61,18,6,4,SUV,685.84
Jaipur,Taxi,21.85,15,5,6,SUV,560.33
Goa,Taxi,35.18,5,2,2,SUV,1272.84
Jaipur,Auto,37.93,10,5,2,Standard,383.31
Nagpur,Auto,31.74,10,2,5,Standard,316.02
Bengaluru,Taxi,3.09,20,4,10,Hatchback,138.6
Mumbai,Auto,20.52,21,3,9,Standard,292.01
Mumbai,Taxi,39.7,10,3,10,Sedan,1021.4
Bengaluru,Taxi,34.63,5,6,2,Hatchback,844.31
Jaipur,Taxi,25.75,0,3,5,Hatchback,420.87
Goa,Taxi,30.81,15,6,2,SUV,1085.12
Bengaluru,Auto,17.73,15,3,1,Standard,261.66
Nagpur,Auto,35.79,16,1,1,Standard,360.79
Jaipur,Taxi,28.05,11,2,3,Sedan,446.72
Pune,Auto,3.55,1,2,5,Standard,77.76
Pune,Auto,35.63,4,2,8,Standard,460.91
Nagpur,Taxi,1.75,7,5,3,Hatchback,58.27
Mumbai,Taxi,15.3,20,6,1,Sedan,403.96
Jaipur,Auto,24.16,1,5,2,Standard,310.09
Mumbai,Taxi,5.52,14,3,2,SUV,247.72
Bengaluru,Taxi,28.11,20,0,5,Sedan,725.59
Mumbai,Auto,17.33,3,4,12,Standard,326.68
Delhi,Taxi,20.41,19,1,5,Sedan,500.05
Nagpur,Auto,12.52,1,4,8,Standard,165.16
Jaipur,Auto,10.15,0,5,2,Standard,157.76
Goa,Auto,38.03,16,0,12,Standard,645.31
Delhi,Taxi,39.56,9,2,8,Hatchback,679.34
Goa,Taxi,34.24,11,6,11,Sedan,928.59
Jaipur,Taxi,34.2,1,0,3,Sedan,676.96
Nagpur,Auto,35.89,19,2,12,Standard,313.11
Goa,Auto,5.44,12,3,5,Standard,133.56
Jaipur,Auto,26.31,5,0,3,Standard,292.74
Mumbai,Taxi,17.23,18,3,10,Sedan,457.86
Nagpur,Auto,24.84,21,6,12,Standard,289.47
Nagpur,Auto,5.4,13,3,1,Standard,64.99
Jaipur,Auto,28.48,21,4,12,Standard,305.93
Pune,Taxi,35.05,16,4,12,SUV,963.47
Mumbai,Auto,19.8,21,5,11,Standard,303.6
Goa,Taxi,26.09,5,4,8,Sedan,783.24
Goa,Taxi,30.31,10,1,6,Sedan,921.15
Mumbai,Taxi,26.09,12,6,4,SUV,807.83
Bengaluru,Auto,34.41,14,2,2,Standard,596.16
Jaipur,Taxi,16.73,1,4,9,Sedan,302.69
Mumbai,Auto,26.53,14,2,6,Standard,416.35
Goa,Taxi,13.95,19,4,8,Hatchback,396.47
Delhi,Auto,4.8,21,1,1,Standard,87.15
Goa,Auto,28.38,1,1,8,Standard,555.54
Jaipur,Auto,10.92,6,1,2,Standard,145.44
Bengaluru,Taxi,33.16,6,5,6,Hatchback,736.91
Bengaluru,Taxi,33.66,18,0,8,SUV,1166.28
Pune,Taxi,1.17,23,0,9,Hatchback,81.23
Goa,Auto,27.98,5,5,3,Standard,438.66
Jaipur,Auto,17.33,19,5,4,Standard,192.0
Delhi,Auto,32.39,4,3,10,Standard,552.4
Jaipur,Auto,28.76,17,5,4,Standard,295.4
Pune,Auto,36.93,4,5,11,Standard,576.88
Nagpur,Auto,30.67,17,3,10,Standard,305.12
Jaipur,Auto,35.22,13,6,1,Standard,385.46
Mumbai,Auto,3.07,1,1,5,Standard,97.34
Nagpur,Auto,6.71,1,5,5,Standard,90.55
Pune,Taxi,32.75,3,4,11,Hatchback,699.93
Goa,Taxi,26.24,12,1,9,SUV,1046.98
Goa,Auto,37.13,12,3,11,Standard,572.02
Pune,Taxi,30.0,6,4,8,Sedan,636.73
Jaipur,Auto,31.27,6,2,8,Standard,301.86
Jaipur,Taxi,38.54,23,4,2,Sedan,706.35
Bengaluru,Auto,6.07,18,6,5,Standard,116.98
Bengaluru,Taxi,6.99,10,4,1,Sedan,248.05
Jaipur,Auto,31.81,17,2,2,Standard,355.03
Delhi,Taxi,21.3,16,1,7,Sedan,485.97
Bengaluru,Taxi,9.63,6,5,6,Hatchback,268.49
Delhi,Taxi,21.69,17,6,11,SUV,611.19
Jaipur,Auto,10.37,20,4,10,Standard,118.77
Mumbai,Auto,36.72,3,3,5,Standard,630.88
Delhi,Taxi,33.06,11,4,9,SUV,954.24
Mumbai,Auto,13.49,2,0,3,Standard,285.96
Goa,Taxi,3.55,21,5,4,SUV,244.74
Bengaluru,Taxi,21.97,22,5,7,Sedan,740.33
Mumbai,Taxi,18.91,10,0,2,Sedan,427.27
Nagpur,Auto,23.42,7,2,7,Standard,228.47
Jaipur,Auto,13.34,12,5,2,Standard,164.18
Jaipur,Taxi,23.84,22,6,2,SUV,642.22
Pune,Taxi,31.69,9,4,2,Hatchback,529.1
Bengaluru,Auto,33.06,0,3,3,Standard,597.08
Nagpur,Auto,38.45,4,2,11,Standard,444.86
Goa,Auto,22.59,17,1,2,Standard,338.97
Pune,Auto,12.88,23,5,12,Standard,196.54
Bengaluru,Taxi,8.18,19,6,5,Sedan,254.26
Nagpur,Taxi,18.99,17,0,5,SUV,456.62
Delhi,Taxi,29.3,15,2,6,Sedan,583.8
Jaipur,Taxi,12.12,2,1,6,Sedan,261.92
Delhi,Auto,23.06,11,6,6,Standard,361.0
Nagpur,Taxi,10.6,7,5,12,Hatchback,194.41
Delhi,Auto,27.5,10,3,8,Standard,358.24
Goa,Auto,22.52,5,5,10,Standard,358.78
Delhi,Taxi,8.66,23,5,2,SUV,426.41
Mumbai,Taxi,23.58,18,1,1,SUV,791.0
Pune,Auto,15.27,7,6,10,Standard,216.12
Delhi,Taxi,20.54,2,3,6,Hatchback,524.3
Jaipur,Taxi,27.68,16,1,8,SUV,604.77
Pune,Taxi,29.55,11,0,4,SUV,834.86
Nagpur,Taxi,15.41,1,5,4,Hatchback,283.07
Goa,Auto,19.32,14,0,1,Standard,370.07
Delhi,Taxi,38.77,20,6,5,SUV,1271.69
Delhi,Taxi,26.49,11,4,11,Hatchback,576.62
Mumbai,Auto,38.93,7,4,7,Standard,530.46
Goa,Auto,31.91,19,0,9,Standard,568.39
Bengaluru,Taxi,4.01,20,2,4,Sedan,147.71
Nagpur,Auto,26.78,13,6,6,Standard,292.98
Bengaluru,Auto,9.22,5,5,7,Standard,159.69
Mumbai,Taxi,24.1,4,5,9,SUV,892.9
Pune,Taxi,7.49,5,4,7,Sedan,189.23
Pune,Taxi,29.39,9,0,4,SUV,772.15
Bengaluru,Auto,9.56,13,4,3,Standard,189.16
Goa,Taxi,26.73,8,1,12,SUV,1041.03
Bengaluru,Taxi,15.75,4,0,1,Sedan,473.06
Goa,Auto,24.61,5,3,10,Standard,421.0
Goa,Taxi,19.81,4,4,9,Sedan,792.59
Goa,Auto,15.44,1,5,9,Standard,367.1
Goa,Auto,14.67,23,6,12,Standard,364.23
Bengaluru,Taxi,19.61,7,6,2,Hatchback,479.85
Pune,Auto,8.37,22,5,1,Standard,148.1
Mumbai,Taxi,26.53,22,6,6,Hatchback,713.94
Mumbai,Taxi,26.41,8,2,9,Hatchback,566.33
Delhi,Auto,30.44,13,4,9,Standard,396.6
Delhi,Auto,39.55,18,2,12,Standard,495.19
Nagpur,Taxi,9.96,22,1,2,SUV,261.98
Bengaluru,Auto,7.27,20,0,2,Standard,154.84
Bengaluru,Auto,3.5,7,2,2,Standard,91.74
Jaipur,Auto,24.94,16,2,12,Standard,296.06
Mumbai,Taxi,20.28,0,1,11,SUV,904.75
Pune,Auto,2.31,19,4,9,Standard,57.57
Pune,Taxi,2.41,7,5,1,SUV,147.48
Mumbai,Auto,14.77,12,3,10,Standard,214.35
Mumbai,Taxi,22.43,23,6,9,Sedan,766.82
Delhi,Auto,9.83,6,3,7,Standard,153.67
Delhi,Taxi,20.74,17,0,9,Hatchback,401.94
Mumbai,Auto,28.07,12,4,8,Standard,432.86
Goa,Auto,27.58,18,6,1,Standard,476.41
Delhi,Taxi,25.71,7,5,12,Hatchback,503.03
Delhi,Auto,21.14,0,5,5,Standard,353.53
Mumbai,Auto,3.97,5,3,6,Standard,85.3
Pune,Auto,37.94,21,1,8,Standard,464.78
Nagpur,Taxi,9.06,6,6,4,Hatchback,179.64
Delhi,Taxi,5.68,2,5,11,Sedan,220.9
Mumbai,Taxi,15.48,10,3,10,Hatchback,392.41
Bengaluru,Taxi,11.93,7,6,10,SUV,453.56
Pune,Auto,37.65,1,4,6,Standard,489.31
Jaipur,Taxi,39.08,22,4,8,Hatchback,634.22
Mumbai,Taxi,9.22,18,0,6,SUV,343.05
Goa,Auto,22.39,7,2,8,Standard,419.43
Delhi,Auto,20.45,6,3,12,Standard,295.25
Delhi,Auto,18.58,18,1,10,Standard,267.39
Goa,Taxi,11.53,7,4,7,SUV,525.0
Nagpur,Taxi,6.83,0,1,7,SUV,211.52
Goa,Auto,12.7,17,6,10,Standard,217.63
Mumbai,Taxi,9.4,8,3,11,Sedan,240.95
Jaipur,Auto,15.08,17,4,5,Standard,165.34
Bengaluru,Taxi,34.83,19,1,10,Hatchback,825.6
Jaipur,Taxi,14.85,21,4,8,Hatchback,271.11
Bengaluru,Taxi,24.93,14,5,3,Hatchback,682.24
Jaipur,Auto,25.62,18,3,2,Standard,245.38
Delhi,Taxi,13.36,9,5,5,Hatchback,312.18
Bengaluru,Auto,31.46,11,5,10,Standard,519.22
Bengaluru,Auto,8.17,0,1,12,Standard,168.67
Delhi,Taxi,7.51,3,0,2,Sedan,283.39
Bengaluru,Taxi,31.07,16,6,2,Sedan,770.3
Pune,Taxi,26.54,12,2,4,Sedan,495.73
Delhi,Auto,6.12,5,0,1,Standard,110.62
Goa,Auto,19.22,17,2,9,Standard,325.93
Jaipur,Taxi,24.31,20,5,11,SUV,670.84
Bengaluru,Auto,19.78,7,6,2,Standard,335.28
Delhi,Auto,7.07,0,0,9,Standard,158.45
Goa,Taxi,12.18,17,0,12,Hatchback,371.19
Goa,Auto,1.36,13,6,5,Standard,67.05
Goa,Taxi,15.57,13,4,7,SUV,604.33
Nagpur,Auto,9.6,2,3,11,Standard,113.85
Goa,Auto,26.29,17,6,5,Standard,448.59
Goa,Taxi,6.33,3,5,8,Sedan,320.36
Delhi,Auto,13.51,4,0,9,Standard,215.93
Mumbai,Auto,5.88,14,5,1,Standard,111.65
Nagpur,Taxi,9.47,13,2,8,Hatchback,183.43
Bengaluru,Taxi,4.13,4,0,5,Hatchback,181.1
Mumbai,Auto,8.5,8,6,7,Standard,167.87
Mumbai,Taxi,31.08,14,1,12,Hatchback,748.83
Nagpur,Auto,21.32,6,3,7,Standard,225.28
Delhi,Auto,25.54,1,5,9,Standard,447.81
Delhi,Auto,8.75,1,6,11,Standard,168.86
Mumbai,Taxi,17.93,0,1,5,SUV,751.19
Bengaluru,Taxi,38.78,18,6,12,Sedan,1039.3
Pune,Taxi,31.06,7,1,8,Hatchback,494.42
Pune,Auto,3.33,20,1,12,Standard,66.54
Mumbai,Taxi,10.07,17,6,11,Hatchback,282.45
Goa,Auto,1.83,12,2,12,Standard,63.36
Mumbai,Auto,22.8,17,5,8,Standard,327.47
Nagpur,Auto,29.56,8,6,10,Standard,334.84
Pune,Taxi,21.71,14,2,5,Sedan,445.18
Bengaluru,Taxi,20.73,23,1,1,SUV,898.41
Delhi,Taxi,29.12,21,4,7,Hatchback,530.96
Jaipur,Auto,24.91,10,3,11,Standard,254.77
Mumbai,Taxi,33.57,4,1,1,Sedan,889.73
Bengaluru,Taxi,2.24,20,6,7,Sedan,129.42
Pune,Auto,15.29,19,5,2,Standard,180.95
Nagpur,Auto,19.25,20,0,6,Standard,200.0
Bengaluru,Auto,33.12,8,4,1,Standard,544.94
Goa,Auto,37.84,16,0,2,Standard,642.54
Pune,Auto,8.53,21,1,10,Standard,125.8
Nagpur,Auto,30.89,18,2,11,Standard,299.02
Jaipur,Auto,7.51,5,4,7,Standard,99.21
Jaipur,Taxi,39.94,14,2,6,SUV,934.55
Delhi,Auto,30.8,13,6,12,Standard,404.82
Nagpur,Taxi,30.86,23,2,6,Hatchback,553.03
Bengaluru,Auto,29.33,9,4,1,Standard,463.3
Delhi,Taxi,39.39,6,6,6,Hatchback,705.02
Goa,Auto,4.68,14,2,3,Standard,102.46
Delhi,Taxi,10.99,9,0,10,Sedan,268.19
Nagpur,Taxi,13.66,15,1,8,SUV,356.46
Jaipur,Taxi,26.05,1,5,10,SUV,699.59
Goa,Taxi,14.57,13,3,2,Hatchback,425.51
Nagpur,Taxi,31.32,12,0,5,SUV,692.26
Delhi,Taxi,20.59,7,1,1,Hatchback,437.63
Bengaluru,Auto,9.66,9,6,7,Standard,171.21
Delhi,Taxi,23.29,1,4,7,Hatchback,552.51
Bengaluru,Auto,30.72,15,4,4,Standard,479.97
Jaipur,Taxi,25.02,23,4,4,SUV,620.4
Delhi,Auto,27.7,18,0,2,Standard,380.46
Bengaluru,Auto,8.43,11,4,11,Standard,142.08
Delhi,Taxi,25.03,14,4,3,Hatchback,492.9
Goa,Taxi,27.73,4,6,12,Sedan,1130.04
Mumbai,Taxi,38.01,4,6,5,Sedan,997.45
Jaipur,Taxi,18.55,0,2,4,Hatchback,357.87
Nagpur,Taxi,21.41,8,4,8,SUV,501.95
Nagpur,Taxi,23.74,21,4,1,Hatchback,335.57
Mumbai,Auto,31.78,19,2,1,Standard,451.67
Mumbai,Taxi,26.75,21,6,11,Hatchback,592.27
Mumbai,Taxi,34.83,20,3,4,Hatchback,829.26
Pune,Taxi,19.9,19,4,2,Hatchback,339.73
Pune,Auto,2.55,16,2,6,Standard,57.4
Jaipur,Taxi,14.52,11,2,11,Sedan,264.16
Pune,Auto,25.41,12,6,1,Standard,353.72
Delhi,Taxi,14.33,12,5,3,Sedan,323.2
Bengaluru,Taxi,10.37,4,3,5,Hatchback,356.81
Delhi,Auto,9.06,4,4,9,Standard,184.98
Nagpur,Taxi,27.85,16,1,7,Hatchback,460.99
Goa,Taxi,37.39,5,2,2,SUV,1375.08
Jaipur,Taxi,13.39,4,5,1,Sedan,318.5
Bengaluru,Auto,18.28,20,5,5,Standard,290.84
Nagpur,Taxi,8.21,19,4,5,Sedan,167.29
Pune,Taxi,10.06,21,0,6,SUV,280.47
Goa,Auto,20.59,19,3,12,Standard,363.44
Nagpur,Auto,19.48,5,1,4,Standard,176.94
Goa,Taxi,38.06,7,5,11,Hatchback,1078.43
Goa,Taxi,7.91,14,6,10,Sedan,280.46
Delhi,Auto,17.67,1,4,12,Standard,330.14
Jaipur,Auto,24.85,23,4,10,Standard,294.65
Jaipur,Taxi,5.26,14,6,1,SUV,199.68
Nagpur,Auto,22.75,16,6,11,Standard,266.85
Nagpur,Auto,16.52,9,6,5,Standard,179.63
Bengaluru,Auto,27.91,4,3,11,Standard,501.16
Jaipur,Taxi,31.37,22,4,3,Sedan,586.17
Delhi,Auto,7.98,18,5,4,Standard,147.61
Mumbai,Auto,27.98,22,6,3,Standard,537.49
Mumbai,Taxi,28.54,20,2,2,Sedan,691.81
Bengaluru,Taxi,22.46,1,6,3,Hatchback,721.39
Pune,Taxi,34.88,5,6,12,Sedan,635.09
Delhi,Auto,12.26,5,0,3,Standard,200.02
Mumbai,Auto,18.89,15,4,1,Standard,292.74
Bengaluru,Taxi,23.97,15,3,7,Sedan,631.35
Pune,Taxi,35.4,8,4,11,Sedan,696.69
Goa,Taxi,8.21,1,5,6,Sedan,333.94
Goa,Taxi,23.55,19,2,6,SUV,979.04
Mumbai,Taxi,39.76,5,5,5,Hatchback,906.86
Jaipur,Taxi,30.22,11,0,2,Hatchback,506.32
Delhi,Auto,32.99,13,6,9,Standard,403.3
Bengaluru,Taxi,28.09,8,2,9,Sedan,723.86
Nagpur,Taxi,3.27,18,5,11,SUV,127.11
Mumbai,Auto,17.66,10,2,9,Standard,273.97
Pune,Auto,24.96,15,4,12,Standard,309.05
Bengaluru,Taxi,10.08,9,1,1,SUV,376.38
Bengaluru,Taxi,34.07,19,3,7,SUV,1061.63
Delhi,Taxi,25.98,22,2,5,Sedan,768.27
Delhi,Auto,30.91,3,5,6,Standard,509.96
Jaipur,Taxi,8.57,10,5,8,Sedan,210.33
Goa,Taxi,6.29,4,5,8,SUV,458.17
Pune,Auto,31.58,13,5,1,Standard,420.95
Delhi,Auto,9.12,21,2,6,Standard,127.61
Nagpur,Auto,14.23,12,5,9,Standard,172.8
Pune,Auto,24.21,9,5,6,Standard,321.45
Delhi,Auto,20.39,7,2,8,Standard,299.64
Delhi,Taxi,12.79,3,2,1,SUV,559.44
Mumbai,Auto,32.16,16,1,4,Standard,442.84
Bengaluru,Auto,6.59,3,6,9,Standard,168.54
Nagpur,Taxi,2.43,12,5,9,SUV,98.38
Delhi,Taxi,34.08,2,2,8,SUV,1359.12
Mumbai,Auto,23.52,9,5,4,Standard,348.15
Nagpur,Auto,21.76,14,5,2,Standard,218.24
Nagpur,Auto,1.6,19,4,9,Standard,34.74
Pune,Auto,11.57,22,6,5,Standard,190.44
Nagpur,Taxi,24.92,10,4,8,Hatchback,332.26
Mumbai,Auto,5.13,1,0,7,Standard,121.23
Jaipur,Auto,13.19,6,5,11,Standard,173.28
Mumbai,Auto,4.62,22,3,2,Standard,115.14
Jaipur,Auto,10.04,7,1,10,Standard,116.22
Delhi,Auto,28.28,21,2,6,Standard,368.19
Mumbai,Taxi,5.4,15,3,3,Hatchback,152.51
Delhi,Taxi,5.01,22,6,2,SUV,263.5
Jaipur,Taxi,21.78,12,4,7,Hatchback,331.91
Nagpur,Taxi,15.97,10,1,12,Hatchback,257.09
Goa,Auto,22.24,7,1,11,Standard,390.89
Jaipur,Auto,24.09,14,2,9,Standard,233.33
Bengaluru,Taxi,38.28,2,4,2,Hatchback,1063.48
Pune,Auto,20.28,21,0,2,Standard,232.15
Nagpur,Taxi,26.77,14,4,5,Sedan,429.89
Pune,Auto,9.02,10,2,10,Standard,136.42
Jaipur,Auto,28.99,11,0,10,Standard,269.26
Pune,Auto,34.25,1,2,9,Standard,511.53
Mumbai,Auto,34.59,0,1,7,Standard,619.79
Bengaluru,Auto,16.84,13,4,4,Standard,292.47
Bengaluru,Taxi,22.66,11,6,7,Sedan,586.24
Goa,Taxi,1.45,20,0,3,Sedan,111.89
Bengaluru,Auto,4.3,20,6,7,Standard,115.13
Goa,Auto,18.72,13,4,8,Standard,313.87
Nagpur,Taxi,24.58,18,3,12,Hatchback,344.59
Pune,Auto,37.14,18,2,1,Standard,480.59
Pune,Auto,5.41,15,5,2,Standard,84.87
Jaipur,Auto,21.16,16,4,2,Standard,216.06
Jaipur,Taxi,25.71,18,2,10,SUV,549.96
Delhi,Taxi,18.71,15,4,12,Hatchback,370.66
Delhi,Auto,7.53,22,4,12,Standard,146.95
Goa,Auto,25.54,18,1,10,Standard,379.35
Delhi,Taxi,19.91,4,4,2,Hatchback,552.85
Delhi,Auto,25.02,8,6,5,Standard,309.11
Mumbai,Taxi,29.82,21,3,6,SUV,1038.07
Delhi,Taxi,8.05,16,6,1,Hatchback,196.42
Mumbai,Taxi,37.42,4,6,8,SUV,1593.53
Bengaluru,Auto,26.77,23,5,3,Standard,477.0
Jaipur,Auto,26.05,3,0,3,Standard,302.16
Bengaluru,Auto,30.1,17,1,7,Standard,493.25
Bengaluru,Auto,6.66,13,0,5,Standard,148.74
Bengaluru,Auto,38.51,21,0,2,Standard,653.05
Jaipur,Auto,24.81,20,6,5,Standard,267.41
Delhi,Taxi,26.52,12,3,11,Hatchback,558.36
Jaipur,Taxi,14.16,22,1,6,SUV,407.87
Jaipur,Taxi,1.47,3,4,2,Sedan,78.73
Delhi,Taxi,12.05,6,0,1,SUV,411.05
Mumbai,Taxi,25.89,22,0,2,SUV,1107.17
Nagpur,Auto,35.94,22,1,5,Standard,363.36
Jaipur,Taxi,18.68,8,6,7,SUV,509.94
Jaipur,Auto,7.32,2,2,1,Standard,103.99
Delhi,Taxi,38.27,8,1,8,Hatchback,662.05
Nagpur,Auto,26.17,3,1,9,Standard,303.89
Nagpur,Taxi,28.9,3,0,2,Hatchback,420.43
Jaipur,Auto,1.73,15,1,11,Standard,45.08
Mumbai,Auto,6.91,10,3,10,Standard,112.06
Jaipur,Auto,18.01,23,6,2,Standard,233.1
Mumbai,Auto,5.73,17,2,6,Standard,116.51
Bengaluru,Taxi,39.88,20,0,6,SUV,1391.33
Delhi,Taxi,30.66,9,5,4,Hatchback,582.44
Mumbai,Auto,12.66,12,0,11,Standard,212.32
Bengaluru,Taxi,18.08,6,1,1,SUV,623.93
Jaipur,Taxi,16.16,17,5,5,Hatchback,286.84
Goa,Auto,2.44,1,2,12,Standard,90.97
Mumbai,Taxi,27.03,14,5,9,SUV,849.8
Pune,Taxi,2.44,4,3,11,Sedan,95.54
Pune,Taxi,28.35,4,0,3,Sedan,664.86
Delhi,Taxi,24.84,18,0,2,Hatchback,450.63
Pune,Taxi,32.37,13,2,12,Sedan,659.75
Delhi,Taxi,23.46,4,2,4,SUV,940.68
Pune,Taxi,3.47,8,1,7,Hatchback,93.15
Delhi,Taxi,10.5,18,0,3,Hatchback,215.6
Goa,Auto,1.61,15,0,1,Standard,58.33
Mumbai,Auto,28.05,15,5,3,Standard,396.49
Jaipur,Auto,17.07,5,4,12,Standard,169.69
Nagpur,Auto,25.46,9,2,7,Standard,223.04
Nagpur,Taxi,39.48,3,4,6,Sedan,755.96
Pune,Taxi,31.04,21,1,5,Hatchback,489.08
Mumbai,Taxi,33.91,15,3,3,SUV,999.27
Mumbai,Taxi,15.2,6,3,5,SUV,511.27
Goa,Auto,5.07,1,4,3,Standard,140.87
Mumbai,Auto,3.76,7,5,8,Standard,91.91
Delhi,Auto,30.14,10,1,2,Standard,378.21
Mumbai,Taxi,17.09,6,3,4,SUV,528.33
Pune,Auto,35.73,4,1,10,Standard,473.1
Bengaluru,Auto,18.85,6,5,6,Standard,363.17
Nagpur,Auto,2.25,18,0,5,Standard,40.39
Goa,Auto,17.31,10,1,5,Standard,309.15
Goa,Taxi,38.84,7,0,7,SUV,1525.75
Bengaluru,Taxi,19.47,14,2,1,SUV,758.25
Jaipur,Taxi,13.76,18,1,10,Sedan,293.56
Pune,Taxi,39.23,1,3,12,Hatchback,833.06
Mumbai,Auto,19.69,22,6,2,Standard,368.59
Nagpur,Taxi,30.37,22,5,7,SUV,856.12
Nagpur,Auto,10.32,2,0,8,Standard,133.78
Nagpur,Auto,39.08,14,6,3,Standard,429.94
Bengaluru,Taxi,25.45,22,5,1,Hatchback,797.95
Mumbai,Auto,21.71,9,3,5,Standard,337.9
Pune,Taxi,4.16,10,5,1,SUV,177.64
Jaipur,Auto,5.33,11,3,10,Standard,69.55
Delhi,Taxi,22.79,2,4,12,SUV,918.57
Nagpur,Auto,22.05,20,3,12,Standard,245.9
Pune,Taxi,30.67,10,2,5,SUV,813.48
Bengaluru,Auto,3.47,11,3,8,Standard,89.0
Goa,Taxi,28.68,21,6,9,Hatchback,815.01
Bengaluru,Auto,8.35,14,0,2,Standard,155.06
Nagpur,Auto,5.27,8,0,12,Standard,65.39
Nagpur,Taxi,38.13,0,2,7,SUV,1011.16
Pune,Taxi,14.52,14,5,11,Hatchback,260.44
Nagpur,Taxi,35.0,7,6,9,Sedan,613.85
Bengaluru,Auto,19.96,21,5,9,Standard,370.87
Bengaluru,Auto,23.12,9,1,5,Standard,347.54
Delhi,Auto,6.79,9,3,3,Standard,117.74
Nagpur,Auto,38.96,22,5,11,Standard,463.29
Nagpur,Taxi,2.6,10,4,3,Sedan,77.88
Delhi,Taxi,22.94,1,5,6,Sedan,751.73
Nagpur,Auto,22.05,5,4,5,Standard,202.24
Mumbai,Auto,30.97,14,2,3,Standard,391.89
Jaipur,Auto,19.48,9,6,10,Standard,233.71
Goa,Auto,27.88,23,3,1,Standard,546.49
Pune,Taxi,1.97,19,6,4,Hatchback,79.71
Mumbai,Auto,24.72,6,4,9,Standard,338.14
Goa,Auto,1.88,17,6,8,Standard,76.84
Mumbai,Auto,20.13,19,4,9,Standard,333.82
Jaipur,Auto,6.77,13,2,7,Standard,89.18
Delhi,Auto,13.02,14,6,9,Standard,179.04
Jaipur,Auto,32.34,9,1,12,Standard,375.56
Bengaluru,Auto,33.58,19,0,3,Standard,485.9
Bengaluru,Auto,37.39,18,6,7,Standard,546.4
Bengaluru,Auto,7.82,14,5,10,Standard,168.94
Nagpur,Taxi,33.46,9,4,8,Sedan,482.36
Goa,Auto,20.27,23,3,4,Standard,398.78
Mumbai,Taxi,12.71,20,6,11,Hatchback,318.83
Jaipur,Auto,8.0,22,5,4,Standard,106.32
Goa,Auto,39.78,2,4,12,Standard,802.76
Bengaluru,Auto,25.49,15,5,2,Standard,413.38
Jaipur,Taxi,7.35,1,1,6,Hatchback,159.47
Jaipur,Taxi,7.37,8,2,7,Hatchback,151.42
Delhi,Taxi,12.37,20,0,9,Hatchback,252.16
Jaipur,Taxi,24.35,5,4,6,Sedan,473.45
Goa,Auto,27.73,22,2,2,Standard,600.25
Delhi,Taxi,6.34,9,2,8,Sedan,177.96
Nagpur,Taxi,7.03,7,6,4,Sedan,163.54
Pune,Taxi,18.96,2,0,3,Hatchback,446.13
Bengaluru,Auto,27.95,4,6,8,Standard,582.95
Pune,Auto,28.69,0,5,2,Standard,383.03
Goa,Taxi,9.84,4,1,3,SUV,618.62
Bengaluru,Taxi,1.73,15,6,7,Sedan,99.57
Mumbai,Taxi,21.03,1,3,2,SUV,929.73
Mumbai,Taxi,27.04,3,6,2,Hatchback,817.51
Nagpur,Taxi,27.15,0,0,3,Sedan,532.81
Delhi,Auto,7.26,16,6,12,Standard,129.55
Pune,Taxi,32.96,0,4,4,Sedan,778.09
Delhi,Taxi,1.17,23,0,4,SUV,145.65
Goa,Auto,28.23,5,3,11,Standard,516.58
Nagpur,Auto,17.54,16,1,7,Standard,164.96
Delhi,Taxi,5.3,4,3,6,Hatchback,190.02
Pune,Taxi,13.8,3,3,5,Sedan,339.61
Jaipur,Auto,9.81,13,2,7,Standard,112.13
Mumbai,Auto,7.99,21,3,11,Standard,128.06
Bengaluru,Taxi,6.59,12,5,10,Sedan,261.17
Jaipur,Taxi,15.18,6,2,4,Sedan,294.44
Bengaluru,Taxi,33.69,23,3,5,Sedan,1068.44
Goa,Auto,14.89,21,4,7,Standard,296.4
Pune,Auto,30.95,3,0,5,Standard,417.83
Nagpur,Taxi,4.88,1,6,2,Sedan,130.69
Mumbai,Taxi,24.58,10,1,5,Hatchback,556.51
Mumbai,Taxi,30.31,15,6,8,SUV,956.57
Jaipur,Auto,20.69,17,2,9,Standard,228.15
Goa,Taxi,35.32,3,3,8,Hatchback,1065.39
Bengaluru,Auto,2.4,5,4,11,Standard,79.92
Delhi,Taxi,17.8,9,5,7,Hatchback,387.23
Mumbai,Auto,19.56,5,4,1,Standard,286.52
Bengaluru,Auto,30.89,9,2,1,Standard,429.03
Mumbai,Taxi,14.61,23,4,1,Hatchback,438.15
Jaipur,Auto,4.8,11,2,7,Standard,70.47
Jaipur,Taxi,10.15,9,4,2,Sedan,227.83
Mumbai,Auto,14.17,0,4,6,Standard,237.94
Jaipur,Auto,11.4,22,3,10,Standard,132.87
Delhi,Auto,13.57,3,6,8,Standard,232.37
Jaipur,Taxi,20.37,21,2,3,Hatchback,343.03
Delhi,Auto,20.38,2,6,9,Standard,339.3
Delhi,Taxi,39.85,12,6,4,Hatchback,829.21
Mumbai,Taxi,14.14,2,4,9,SUV,597.58
Nagpur,Auto,26.41,9,4,5,Standard,257.48
Pune,Auto,17.16,8,4,9,Standard,212.91
Goa,Taxi,25.49,16,6,3,Sedan,756.31
Nagpur,Auto,37.55,17,6,10,Standard,412.22
Bengaluru,Taxi,8.83,14,1,4,SUV,342.48
Jaipur,Auto,17.0,2,5,4,Standard,237.92
Delhi,Auto,11.0,19,1,7,Standard,154.64
Nagpur,Taxi,10.58,9,3,8,Sedan,201.55
Bengaluru,Auto,8.88,8,1,1,Standard,157.2
Goa,Auto,26.13,1,5,8,Standard,632.46
Mumbai,Taxi,24.46,2,3,6,Hatchback,672.58
Mumbai,Auto,10.21,18,5,9,Standard,197.94
Pune,Auto,35.5,7,4,2,Standard,440.5
Delhi,Auto,32.43,23,1,7,Standard,491.99
Mumbai,Taxi,38.83,14,3,5,Sedan,993.89
Mumbai,Auto,28.29,3,2,9,Standard,482.33
Jaipur,Taxi,35.3,4,2,8,Hatchback,634.95
Goa,Auto,26.17,19,0,12,Standard,451.47
Mumbai,Taxi,22.56,9,5,12,Hatchback,508.42
Goa,Taxi,34.81,14,3,1,SUV,1394.18
Bengaluru,Auto,4.52,7,2,4,Standard,113.07
Nagpur,Auto,35.3,20,3,1,Standard,323.17
Mumbai,Auto,29.74,10,5,7,Standard,490.69
Goa,Taxi,28.24,16,0,6,Sedan,761.26
Jaipur,Auto,28.11,1,5,11,Standard,316.84
Bengaluru,Taxi,16.63,20,2,6,Sedan,472.56
Mumbai,Taxi,21.14,20,6,3,Sedan,597.24
Jaipur,Auto,18.61,23,1,5,Standard,208.49
Pune,Auto,8.75,13,2,3,Standard,121.32
Bengaluru,Taxi,37.98,17,5,10,Sedan,1056.51
Mumbai,Auto,11.21,5,0,7,Standard,189.18
Pune,Auto,4.47,11,1,10,Standard,71.09
Jaipur,Auto,33.26,15,0,4,Standard,364.05
Nagpur,Auto,30.11,12,1,7,Standard,320.22
Pune,Taxi,29.34,6,3,3,Hatchback,508.89
Nagpur,Taxi,39.07,7,4,8,Hatchback,618.53
Delhi,Auto,1.4,4,6,6,Standard,72.8
Bengaluru,Taxi,15.96,13,5,10,SUV,597.94
Mumbai,Taxi,13.98,7,3,6,Sedan,411.38
Jaipur,Taxi,10.89,19,3,5,Sedan,244.37
Jaipur,Auto,38.75,17,0,10,Standard,368.3
Nagpur,Auto,35.24,4,0,6,Standard,394.21
Bengaluru,Taxi,5.56,1,1,8,Hatchback,223.71
Goa,Auto,37.12,9,2,10,Standard,646.17
Delhi,Auto,35.81,10,5,8,Standard,516.6
Nagpur,Auto,8.37,1,1,3,Standard,97.09
Delhi,Taxi,19.22,3,3,1,SUV,731.08
Jaipur,Auto,20.23,23,6,3,Standard,232.42
Mumbai,Taxi,8.05,5,5,9,Hatchback,241.41
Pune,Taxi,39.92,0,4,10,SUV,1101.72
Mumbai,Taxi,27.4,10,0,5,Hatchback,622.48
Jaipur,Taxi,15.57,3,6,6,Hatchback,280.33
Mumbai,Auto,18.71,8,4,11,Standard,249.41
Mumbai,Auto,37.95,23,6,10,Standard,616.36
Goa,Taxi,12.04,1,5,2,SUV,691.4
Pune,Auto,16.56,5,1,7,Standard,188.26
Goa,Taxi,16.15,12,2,11,Sedan,502.47
Jaipur,Taxi,12.64,13,5,5,Sedan,284.76
Pune,Taxi,26.96,11,4,4,Hatchback,480.55
Bengaluru,Auto,22.96,13,0,7,Standard,397.21
Pune,Taxi,25.6,2,0,9,Hatchback,508.6
Bengaluru,Taxi,27.76,4,3,9,SUV,1170.55
Pune,Taxi,19.26,2,6,8,Hatchback,410.44
Nagpur,Auto,21.4,9,4,1,Standard,219.25
Mumbai,Taxi,17.57,3,3,11,SUV,761.64
Goa,Auto,10.94,2,6,9,Standard,248.67
Jaipur,Auto,31.66,12,0,2,Standard,324.28
Jaipur,Auto,23.9,14,6,11,Standard,266.03
Goa,Auto,38.7,5,1,3,Standard,559.49
Pune,Auto,17.92,0,0,7,Standard,233.42
Nagpur,Auto,27.98,21,5,10,Standard,305.31
Delhi,Auto,32.38,2,1,3,Standard,465.47
Mumbai,Taxi,38.85,0,1,8,SUV,1534.67
Jaipur,Taxi,33.84,17,1,2,Hatchback,502.58
Bengaluru,Taxi,17.45,3,1,3,Hatchback,529.43
Bengaluru,Auto,1.77,14,4,4,Standard,59.87
Pune,Auto,14.02,3,5,12,Standard,215.47
Bengaluru,Auto,2.44,12,3,9,Standard,75.76
Pune,Auto,28.86,16,0,7,Standard,347.95
Pune,Taxi,35.82,13,3,2,Hatchback,624.5
Jaipur,Auto,28.2,0,1,5,Standard,345.27
Bengaluru,Auto,10.05,7,4,11,Standard,176.63
Pune,Auto,35.44,23,5,7,Standard,553.4
Goa,Auto,32.19,5,4,4,Standard,497.45
Jaipur,Taxi,19.83,5,1,3,SUV,501.49
Mumbai,Auto,12.84,6,4,1,Standard,230.11
Delhi,Auto,27.4,5,6,9,Standard,337.22
Mumbai,Auto,5.44,7,0,9,Standard,100.67
Delhi,Auto,31.01,17,2,3,Standard,439.48
Goa,Taxi,2.97,14,6,8,SUV,227.18
Goa,Taxi,31.48,19,6,2,Sedan,969.74
Mumbai,Taxi,25.57,6,2,3,Sedan,656.66
Jaipur,Auto,29.57,3,1,11,Standard,330.78
Goa,Taxi,34.1,14,3,1,Sedan,866.11
Goa,Auto,12.18,5,0,5,Standard,217.82
Goa,Auto,25.55,7,1,9,Standard,417.26
Nagpur,Taxi,17.12,13,3,9,Hatchback,286.01
Delhi,Taxi,6.68,0,5,9,Hatchback,246.5
Mumbai,Auto,16.66,5,3,1,Standard,249.36
Mumbai,Taxi,3.25,20,5,11,SUV,203.21
Delhi,Auto,35.55,22,4,5,Standard,605.05
Delhi,Auto,33.25,16,4,3,Standard,452.77
Bengaluru,Taxi,25.35,19,5,8,SUV,999.78
Goa,Auto,35.36,2,0,9,Standard,714.56
Jaipur,Taxi,39.69,9,1,2,SUV,920.63
Delhi,Auto,1.91,17,4,5,Standard,52.45
Goa,Auto,39.49,3,5,1,Standard,936.87
Delhi,Auto,2.86,20,0,8,Standard,64.06
Jaipur,Taxi,14.22,7,6,12,Hatchback,287.76
Pune,Taxi,12.67,21,6,12,Hatchback,267.36
Nagpur,Auto,5.1,16,4,4,Standard,75.32
Delhi,Auto,6.72,13,6,7,Standard,107.35
Mumbai,Auto,19.57,14,0,6,Standard,306.81
Bengaluru,Auto,23.79,20,3,8,Standard,398.89
Bengaluru,Auto,6.63,4,3,12,Standard,153.07
Jaipur,Taxi,9.29,15,0,12,SUV,239.88
Pune,Auto,24.46,13,0,2,Standard,284.96
Delhi,Taxi,6.98,11,2,6,SUV,250.31
Bengaluru,Taxi,6.54,18,3,1,Sedan,245.23
Delhi,Auto,8.14,23,3,1,Standard,148.54
Delhi,Taxi,17.29,18,2,10,Sedan,396.22
Delhi,Auto,33.54,19,1,3,Standard,435.98
Bengaluru,Auto,6.81,23,2,2,Standard,168.97
Jaipur,Auto,10.08,12,2,9,Standard,110.28
Jaipur,Auto,26.19,5,5,1,Standard,297.4
Goa,Auto,26.11,2,1,10,Standard,569.41
Goa,Taxi,21.35,15,4,1,SUV,740.78
Pune,Taxi,11.72,6,1,12,Sedan,282.19
Pune,Auto,32.47,19,2,7,Standard,388.8
Bengaluru,Taxi,18.04,13,0,9,Hatchback,428.52
Delhi,Taxi,39.21,17,1,5,Sedan,767.51
Delhi,Taxi,12.96,13,5,3,Sedan,294.99
Delhi,Taxi,28.82,9,3,2,Sedan,604.13
Bengaluru,Auto,15.65,3,0,4,Standard,285.02
Pune,Taxi,20.84,16,3,2,Hatchback,361.42
Delhi,Auto,3.55,0,3,11,Standard,88.46
Mumbai,Auto,10.61,17,5,3,Standard,176.19
Bengaluru,Auto,34.0,16,1,3,Standard,512.53
Nagpur,Taxi,38.15,17,3,1,SUV,727.55
Bengaluru,Auto,1.02,15,2,10,Standard,50.48
Jaipur,Auto,33.86,6,4,9,Standard,333.58
Nagpur,Taxi,4.5,22,0,3,Hatchback,112.17
Delhi,Auto,24.81,10,5,6,Standard,358.52
Goa,Auto,10.59,10,2,4,Standard,198.91
Pune,Auto,36.65,4,5,1,Standard,527.6
Mumbai,Taxi,7.77,17,5,12,SUV,326.49
Bengaluru,Taxi,26.4,17,0,11,SUV,930.7
Mumbai,Auto,33.27,11,3,3,Standard,513.84
Goa,Taxi,19.05,6,3,1,Sedan,509.74
Mumbai,Auto,8.47,19,5,5,Standard,166.68
Nagpur,Taxi,38.72,1,2,8,Hatchback,674.26
Jaipur,Taxi,8.65,20,3,2,Sedan,199.68
Pune,Auto,22.52,21,5,10,Standard,298.73
Pune,Taxi,23.94,23,0,3,Sedan,521.15
Pune,Taxi,29.43,8,1,11,SUV,693.07
Jaipur,Auto,1.08,13,5,11,Standard,43.41
Mumbai,Auto,33.93,13,2,2,Standard,504.8
Bengaluru,Auto,21.17,1,5,4,Standard,370.05
Bengaluru,Auto,1.2,6,2,2,Standard,61.41
Goa,Taxi,9.8,22,3,2,SUV,608.15
Nagpur,Taxi,13.12,20,5,2,Hatchback,198.42
Bengaluru,Taxi,32.09,10,6,5,SUV,1112.0
Bengaluru,Taxi,33.47,10,4,4,Hatchback,864.64
Goa,Auto,25.39,18,0,2,Standard,471.01
Mumbai,Auto,35.71,22,0,3,Standard,544.84
Goa,Auto,12.76,20,3,2,Standard,211.1
Mumbai,Taxi,34.15,12,0,10,Hatchback,774.32
Nagpur,Taxi,15.97,13,4,10,Hatchback,227.52
Jaipur,Taxi,21.17,18,1,2,Hatchback,312.42
Pune,Taxi,31.79,6,4,3,SUV,867.69
Delhi,Auto,19.77,19,3,3,Standard,253.58
Goa,Taxi,5.98,18,3,9,Sedan,243.72
Goa,Auto,23.76,17,6,3,Standard,382.92
Delhi,Auto,15.38,0,4,10,Standard,282.24
Nagpur,Taxi,20.78,17,6,1,Sedan,362.38
Nagpur,Taxi,36.43,2,2,4,SUV,905.96
Jaipur,Auto,34.23,18,2,10,Standard,338.51
Delhi,Taxi,18.72,1,3,4,Sedan,590.85
Jaipur,Taxi,9.98,19,1,4,SUV,275.04
Goa,Auto,9.01,5,6,1,Standard,179.88
Mumbai,Auto,22.63,4,2,8,Standard,372.2
Pune,Auto,39.04,6,1,5,Standard,416.31
Delhi,Taxi,34.05,7,1,4,Hatchback,586.33
Goa,Auto,1.82,21,1,7,Standard,71.88
Mumbai,Auto,12.9,7,2,6,Standard,214.25
Pune,Auto,5.62,4,6,4,Standard,101.41
Bengaluru,Auto,24.38,20,1,1,Standard,414.7
Pune,Taxi,12.47,4,2,4,SUV,380.41
Goa,Auto,34.21,18,3,4,Standard,585.43
Goa,Auto,7.53,12,6,11,Standard,172.5
Delhi,Auto,7.98,22,2,9,Standard,168.46
Jaipur,Auto,11.47,12,5,10,Standard,149.14
Nagpur,Taxi,18.63,7,3,4,Sedan,304.58
Bengaluru,Taxi,10.93,2,1,2,Hatchback,322.11
Pune,Auto,23.77,14,4,10,Standard,275.46
Bengaluru,Auto,16.95,15,2,5,Standard,275.09
Nagpur,Auto,11.36,2,2,2,Standard,132.02
Pune,Taxi,37.14,3,0,2,Hatchback,718.72
Pune,Taxi,8.67,10,2,5,Hatchback,196.37
Goa,Auto,28.52,4,6,12,Standard,678.19
Delhi,Taxi,11.99,11,6,7,Hatchback,308.39
Goa,Taxi,26.51,4,6,7,Hatchback,841.33
Jaipur,Taxi,10.12,18,6,9,Hatchback,207.63
Jaipur,Auto,31.88,10,6,4,Standard,343.72
Jaipur,Auto,18.11,17,0,6,Standard,183.45
Goa,Taxi,37.79,0,3,11,Hatchback,1282.51
Delhi,Taxi,17.6,12,6,12,Hatchback,388.09
Delhi,Taxi,31.63,4,1,6,SUV,1179.31
Goa,Auto,8.96,12,0,9,Standard,171.59
Bengaluru,Taxi,23.21,14,5,5,Hatchback,530.44
Mumbai,Taxi,33.23,19,3,1,Sedan,731.58
Mumbai,Auto,9.03,9,5,9,Standard,146.14
Mumbai,Auto,7.7,13,3,3,Standard,153.81
Nagpur,Auto,29.98,12,6,4,Standard,281.11
Nagpur,Auto,32.9,21,3,3,Standard,328.07
Delhi,Taxi,28.95,14,2,4,SUV,754.72
Nagpur,Auto,33.16,19,6,4,Standard,340.66
Pune,Auto,19.05,1,5,2,Standard,270.17
Bengaluru,Auto,16.25,5,3,4,Standard,252.01
Pune,Auto,16.0,21,1,12,Standard,206.14
Bengaluru,Taxi,35.54,5,2,11,Sedan,926.27
Jaipur,Taxi,29.33,6,3,7,SUV,776.32
Pune,Taxi,3.98,3,4,6,Hatchback,123.18
Nagpur,Auto,20.74,14,0,2,Standard,217.68
Jaipur,Auto,14.4,12,6,4,Standard,169.2
Mumbai,Auto,28.65,4,2,11,Standard,526.68
Bengaluru,Auto,4.22,21,1,12,Standard,110.54
Nagpur,Auto,33.82,5,6,1,Standard,353.65
Nagpur,Auto,21.85,12,1,2,Standard,229.73
Mumbai,Auto,18.19,5,1,12,Standard,245.26
Jaipur,Taxi,28.17,20,6,9,Hatchback,484.31
Jaipur,Taxi,27.92,14,0,10,Hatchback,389.94
Goa,Auto,37.22,11,1,4,Standard,541.43
Bengaluru,Taxi,14.15,6,5,11,Sedan,380.29
Mumbai,Taxi,7.51,13,4,2,SUV,327.08
Delhi,Taxi,9.08,17,3,7,SUV,290.34
Nagpur,Taxi,13.61,0,3,11,Hatchback,231.05
Bengaluru,Taxi,9.58,21,6,5,Hatchback,288.73
Delhi,Taxi,35.53,13,2,10,Sedan,765.52
Mumbai,Taxi,38.4,19,2,11,Hatchback,852.69
Jaipur,Taxi,7.84,22,2,11,Hatchback,168.01
Delhi,Taxi,36.57,14,3,9,SUV,1097.46
Nagpur,Taxi,1.83,3,2,4,Sedan,78.43
Goa,Taxi,4.1,4,2,8,SUV,287.96
Nagpur,Auto,26.04,7,5,10,Standard,303.09
Bengaluru,Auto,11.85,20,6,1,Standard,221.22
Bengaluru,Auto,9.93,23,2,6,Standard,196.34
Pune,Taxi,39.55,21,5,12,SUV,1008.05
Goa,Auto,8.16,20,0,2,Standard,178.99
Mumbai,Taxi,25.74,4,1,3,Sedan,677.9
Pune,Taxi,20.79,13,5,8,Sedan,425.28
Jaipur,Taxi,17.54,19,1,5,Sedan,308.86
Bengaluru,Taxi,34.63,15,0,6,Hatchback,786.81
Nagpur,Auto,17.49,19,5,7,Standard,202.38
Goa,Auto,30.72,13,6,2,Standard,560.74
Delhi,Taxi,29.34,8,3,8,SUV,826.06
Delhi,Auto,3.81,4,5,8,Standard,95.77
Nagpur,Taxi,34.6,23,5,6,Sedan,644.32
Bengaluru,Auto,15.98,9,5,10,Standard,253.49
Mumbai,Taxi,37.35,5,1,7,Hatchback,880.58
Goa,Auto,25.76,11,5,1,Standard,466.11
Bengaluru,Taxi,19.63,11,5,12,Sedan,586.76
Jaipur,Taxi,24.61,21,1,5,Hatchback,370.95
Pune,Taxi,5.55,2,5,12,Sedan,199.11
Bengaluru,Taxi,36.49,13,1,7,SUV,1194.7
Delhi,Auto,29.62,23,6,2,Standard,462.02
Pune,Auto,11.49,6,5,7,Standard,169.52
Mumbai,Taxi,1.06,2,6,12,Hatchback,92.62
Bengaluru,Auto,7.65,11,1,12,Standard,136.07
Bengaluru,Taxi,37.99,14,4,4,SUV,1219.14
Mumbai,Taxi,11.11,13,3,11,Sedan,334.59
Mumbai,Taxi,12.43,12,0,5,Sedan,298.59
Mumbai,Taxi,19.92,3,0,1,Hatchback,507.89
Mumbai,Taxi,9.23,0,3,10,Sedan,317.19
Goa,Auto,19.46,10,4,7,Standard,320.8
Jaipur,Auto,32.86,11,5,7,Standard,349.09
Mumbai,Auto,32.44,0,3,12,Standard,543.92
Goa,Taxi,24.47,16,2,12,Sedan,722.89
Nagpur,Auto,25.12,21,6,8,Standard,263.52
Jaipur,Taxi,39.46,10,0,11,Sedan,653.67
Mumbai,Auto,10.11,15,3,12,Standard,174.03
Mumbai,Auto,37.62,15,5,12,Standard,613.6
Jaipur,Auto,24.68,22,1,9,Standard,316.54
Goa,Taxi,20.42,2,2,11,Sedan,844.54
Goa,Auto,35.96,3,3,11,Standard,763.2
Nagpur,Taxi,30.38,21,5,2,Sedan,471.2
Jaipur,Taxi,37.23,10,3,5,Sedan,597.68
Delhi,Auto,26.95,17,5,12,Standard,373.5
Goa,Auto,37.34,19,0,11,Standard,579.45
Jaipur,Auto,32.53,7,2,2,Standard,322.27
Mumbai,Taxi,29.88,6,5,2,Hatchback,689.76
Nagpur,Auto,23.5,0,2,1,Standard,264.65
Nagpur,Auto,13.47,11,6,11,Standard,168.37
Nagpur,Taxi,16.42,17,6,8,Sedan,287.33
Goa,Auto,20.49,14,1,10,Standard,331.19
Jaipur,Taxi,13.49,16,5,2,SUV,349.64
Goa,Auto,20.31,22,3,1,Standard,502.68
Delhi,Taxi,9.21,23,6,4,SUV,444.22
Mumbai,Taxi,29.37,9,6,11,Hatchback,733.35
Nagpur,Taxi,16.3,13,5,8,SUV,450.73
Goa,Auto,3.8,23,2,5,Standard,134.77
Nagpur,Auto,6.11,18,6,1,Standard,89.9
Jaipur,Auto,26.53,18,1,8,Standard,294.94
Delhi,Taxi,9.51,23,1,12,Sedan,317.63
Delhi,Taxi,31.63,4,3,7,SUV,1210.3
Nagpur,Taxi,14.87,15,1,1,Sedan,238.89
Pune,Auto,38.82,20,5,7,Standard,442.85
Mumbai,Taxi,20.06,22,4,3,Hatchback,561.28
Bengaluru,Taxi,34.73,20,3,5,Hatchback,834.35
Bengaluru,Auto,5.68,2,0,8,Standard,143.63
Pune,Taxi,23.89,18,3,5,Sedan,502.34
Mumbai,Taxi,19.88,20,5,7,Hatchback,447.26
Nagpur,Taxi,3.48,17,1,7,Hatchback,89.21
Mumbai,Auto,3.49,18,4,12,Standard,88.35
Jaipur,Taxi,38.66,3,1,10,Sedan,764.11
Mumbai,Auto,5.8,4,4,4,Standard,140.02
Mumbai,Auto,4.3,3,4,5,Standard,107.67
Pune,Taxi,39.11,21,0,4,Hatchback,646.11
Pune,Auto,6.45,15,5,6,Standard,105.21
Delhi,Taxi,4.86,1,1,1,SUV,237.61
Delhi,Taxi,24.48,6,4,6,Sedan,515.5
Jaipur,Auto,22.44,8,3,11,Standard,265.91
Bengaluru,Auto,37.84,21,3,12,Standard,533.9
Nagpur,Taxi,29.57,20,5,11,SUV,634.87
Delhi,Taxi,33.04,10,6,7,Hatchback,656.78
Pune,Taxi,11.53,17,0,11,Sedan,260.53
Mumbai,Auto,15.15,10,6,5,Standard,226.75
Goa,Taxi,1.38,12,1,7,Hatchback,104.25
Goa,Taxi,21.53,9,4,8,Sedan,549.21
Delhi,Auto,24.69,1,1,6,Standard,455.71
Bengaluru,Taxi,32.44,21,6,9,Hatchback,807.05
Goa,Auto,24.1,8,0,11,Standard,404.81
Nagpur,Taxi,15.77,23,2,1,Sedan,334.76
Jaipur,Auto,27.45,13,5,8,Standard,281.85
Delhi,Auto,11.76,13,4,12,Standard,190.06
Goa,Taxi,25.79,2,2,7,Hatchback,890.56
Goa,Taxi,4.1,23,1,2,SUV,278.41
Mumbai,Taxi,12.15,15,6,1,SUV,515.41
Bengaluru,Taxi,20.41,21,5,9,Hatchback,549.22
Bengaluru,Taxi,8.42,23,0,12,SUV,407.18
Pune,Auto,39.77,21,6,9,Standard,503.81
Mumbai,Auto,27.31,16,1,3,Standard,356.06
Goa,Taxi,14.78,1,3,8,SUV,748.94
Delhi,Taxi,36.65,7,6,9,Hatchback,807.35
Goa,Taxi,12.67,9,2,4,Hatchback,306.49
Jaipur,Auto,37.0,20,4,1,Standard,422.14
Pune,Auto,14.87,19,3,6,Standard,181.37
Mumbai,Taxi,35.72,5,3,6,Hatchback,671.52
Bengaluru,Auto,4.31,16,1,7,Standard,91.94
Bengaluru,Taxi,31.01,8,1,8,Sedan,788.92
Delhi,Auto,35.8,17,6,5,Standard,440.11
Bengaluru,Auto,6.46,23,3,1,Standard,146.7
Goa,Taxi,8.39,1,1,7,Sedan,356.78
Delhi,Taxi,26.98,15,5,5,Sedan,567.21
Bengaluru,Auto,13.67,12,4,12,Standard,259.82
Goa,Auto,5.28,3,6,1,Standard,150.59
Delhi,Taxi,10.22,21,6,6,SUV,361.49
Pune,Taxi,19.73,9,3,2,Hatchback,387.46
Nagpur,Taxi,20.94,7,2,2,SUV,519.82
Jaipur,Taxi,33.0,6,3,12,SUV,826.04
Mumbai,Taxi,39.71,18,5,11,Sedan,897.66
Mumbai,Taxi,2.5,6,1,7,Hatchback,91.52
Nagpur,Taxi,15.83,16,2,12,Sedan,286.33
Nagpur,Taxi,17.62,1,4,7,Hatchback,311.66
Delhi,Taxi,15.18,11,5,7,Hatchback,318.3
Mumbai,Taxi,1.02,21,5,6,Sedan,80.58
Bengaluru,Auto,17.81,8,3,6,Standard,283.71
Mumbai,Taxi,1.53,17,6,3,SUV,127.38
Jaipur,Auto,10.29,8,1,10,Standard,122.28
Mumbai,Taxi,29.96,3,0,10,SUV,1295.92
Jaipur,Taxi,28.48,3,0,9,Sedan,566.48
Delhi,Auto,21.81,4,0,3,Standard,341.14
Pune,Auto,35.9,14,5,12,Standard,398.33
Bengaluru,Taxi,17.34,16,6,1,Hatchback,418.35
Delhi,Taxi,2.77,18,0,12,Hatchback,91.97
Goa,Auto,27.7,16,0,3,Standard,450.66
Pune,Auto,16.63,8,1,3,Standard,184.63
Pune,Taxi,28.17,16,3,9,SUV,789.53
Pune,Auto,34.25,9,5,5,Standard,425.15
Nagpur,Taxi,21.81,9,0,11,Sedan,336.15
Delhi,Taxi,35.06,1,5,4,Hatchback,998.21
Nagpur,Taxi,26.3,20,4,6,Sedan,416.21
Jaipur,Auto,16.93,19,2,6,Standard,211.6
Jaipur,Taxi,9.55,8,1,5,Hatchback,198.17
Pune,Taxi,30.09,12,5,5,SUV,913.1
Jaipur,Taxi,9.6,8,1,10,Hatchback,184.31
Goa,Auto,18.4,23,5,7,Standard,420.39
Bengaluru,Taxi,8.08,5,6,3,Hatchback,226.41
Bengaluru,Taxi,12.0,9,1,3,SUV,512.86
Jaipur,Taxi,6.6,13,1,8,Sedan,165.39
Bengaluru,Taxi,21.54,23,6,1,SUV,972.19
Bengaluru,Auto,5.29,0,6,11,Standard,153.58
Nagpur,Taxi,11.44,20,4,1,Sedan,226.45
Mumbai,Taxi,29.71,10,6,12,SUV,910.8
Nagpur,Auto,32.8,9,2,8,Standard,292.73
Mumbai,Auto,1.83,1,0,9,Standard,68.67
Pune,Auto,1.05,7,0,4,Standard,40.62
Nagpur,Auto,9.81,21,3,11,Standard,122.64
Goa,Taxi,7.61,3,1,2,Hatchback,337.85
Delhi,Auto,25.01,3,2,2,Standard,455.93
Pune,Taxi,17.72,10,4,3,Sedan,384.85
Nagpur,Auto,14.59,3,2,8,Standard,177.47
Delhi,Taxi,34.61,4,6,11,Sedan,897.52
Nagpur,Auto,29.13,15,6,2,Standard,272.58
Bengaluru,Auto,4.53,4,1,7,Standard,115.63
Bengaluru,Auto,28.04,13,4,11,Standard,425.08
Goa,Taxi,17.33,15,4,9,Hatchback,452.12
Pune,Taxi,4.26,22,3,9,Hatchback,133.56
Jaipur,Taxi,4.4,11,0,4,SUV,174.26
Mumbai,Auto,38.35,3,0,6,Standard,628.94
Goa,Taxi,18.96,17,3,4,Hatchback,455.61
Nagpur,Taxi,6.37,22,5,3,SUV,205.14
Mumbai,Auto,3.11,3,5,10,Standard,87.15
Goa,Taxi,6.73,4,0,4,Sedan,278.29
Pune,Auto,30.85,15,5,3,Standard,404.05
Jaipur,Auto,17.05,10,3,11,Standard,199.62
Delhi,Taxi,3.34,20,0,10,Sedan,129.14
Pune,Taxi,16.46,13,5,8,Sedan,368.32
Goa,Auto,28.66,13,1,5,Standard,525.48
Pune,Auto,29.98,12,4,1,Standard,329.92
Nagpur,Taxi,19.27,10,5,11,SUV,455.8
Bengaluru,Taxi,32.33,20,3,4,Sedan,794.48
Mumbai,Taxi,24.52,10,0,4,Hatchback,511.3
Pune,Taxi,9.26,0,6,5,Sedan,242.03
Nagpur,Taxi,11.5,18,4,1,Sedan,215.75
Goa,Auto,2.87,2,2,1,Standard,123.32
Goa,Auto,20.51,10,6,7,Standard,387.02
Nagpur,Taxi,16.88,23,4,2,Hatchback,290.42
Goa,Taxi,23.9,12,3,10,Sedan,726.58
Mumbai,Auto,6.91,14,0,11,Standard,114.79
Jaipur,Taxi,32.49,20,1,12,Sedan,518.89
Pune,Auto,31.63,10,2,6,Standard,382.62
Bengaluru,Taxi,31.19,12,1,4,SUV,1229.31
Pune,Taxi,23.11,15,0,1,Sedan,426.01
Goa,Auto,20.46,14,2,3,Standard,385.25
Nagpur,Taxi,23.48,11,0,2,Hatchback,325.8
Goa,Auto,39.46,8,6,8,Standard,689.6
Nagpur,Taxi,20.04,11,6,5,SUV,471.32
Goa,Taxi,15.3,19,2,6,Hatchback,366.54
Bengaluru,Auto,35.22,21,0,10,Standard,608.75
Mumbai,Taxi,33.03,0,1,2,SUV,1210.36
Nagpur,Auto,9.7,14,5,2,Standard,112.63
Bengaluru,Auto,4.35,23,0,7,Standard,124.41
Nagpur,Auto,3.51,10,4,8,Standard,51.76
Jaipur,Auto,11.86,1,4,3,Standard,171.62
Nagpur,Taxi,23.16,19,6,7,Hatchback,327.64
Goa,Auto,39.16,6,0,4,Standard,684.99
Goa,Auto,10.83,5,0,3,Standard,183.31
Bengaluru,Taxi,35.08,14,6,7,Hatchback,862.14
Jaipur,Auto,33.39,2,3,6,Standard,424.81
Delhi,Taxi,14.62,13,3,8,Sedan,350.36
Goa,Taxi,18.03,22,4,7,SUV,984.77
Pune,Taxi,29.19,18,4,3,Sedan,551.08
Goa,Auto,6.87,14,1,8,Standard,157.73
Mumbai,Auto,21.31,0,3,3,Standard,393.02
Jaipur,Taxi,9.53,6,3,12,Sedan,199.66
Nagpur,Auto,14.58,6,5,10,Standard,180.78
Delhi,Auto,12.78,9,4,2,Standard,195.27
Jaipur,Auto,17.01,11,6,9,Standard,196.25
Goa,Auto,37.13,14,3,6,Standard,552.5
Pune,Taxi,18.0,9,6,11,SUV,554.14
Bengaluru,Auto,39.82,3,0,11,Standard,622.53
Bengaluru,Taxi,30.25,19,4,2,Hatchback,734.71
Pune,Taxi,12.31,13,1,4,SUV,391.0
Pune,Auto,8.63,15,0,6,Standard,137.03
Bengaluru,Auto,1.3,11,6,4,Standard,60.72
Delhi,Auto,33.7,13,5,4,Standard,404.62
Bengaluru,Taxi,2.02,11,6,9,Sedan,128.31
Pune,Auto,7.65,18,3,4,Standard,114.13
Bengaluru,Taxi,26.13,1,6,10,SUV,1109.04
Jaipur,Auto,16.72,10,4,3,Standard,184.69
Mumbai,Taxi,5.62,18,6,7,SUV,281.74
Jaipur,Auto,38.0,6,0,2,Standard,347.2
Mumbai,Taxi,25.11,17,0,10,Sedan,595.14
Jaipur,Taxi,25.74,11,1,4,Hatchback,426.21
Nagpur,Auto,21.88,7,5,7,Standard,247.02
Jaipur,Taxi,4.24,4,5,1,Hatchback,121.19
Pune,Taxi,18.91,19,0,2,Sedan,356.82
Delhi,Taxi,4.02,11,6,4,Sedan,138.44
Bengaluru,Taxi,3.87,20,0,4,Hatchback,148.48
Bengaluru,Auto,32.53,5,2,1,Standard,556.59
Jaipur,Taxi,39.06,11,3,10,Sedan,686.04
Mumbai,Taxi,29.93,3,1,10,SUV,1032.49
Mumbai,Taxi,34.81,3,1,1,Sedan,949.97
Nagpur,Taxi,27.97,4,2,5,SUV,679.41
Mumbai,Auto,19.21,15,3,9,Standard,320.59
Nagpur,Auto,8.72,22,2,7,Standard,101.98
Goa,Auto,31.97,23,3,7,Standard,740.31
Bengaluru,Auto,25.29,19,3,7,Standard,374.12
Delhi,Auto,18.53,1,4,5,Standard,325.85
Delhi,Auto,2.17,5,6,6,Standard,60.94
Nagpur,Auto,3.83,21,2,6,Standard,53.49
Delhi,Taxi,13.42,0,5,6,Sedan,395.3
Pune,Auto,22.9,12,2,10,Standard,258.16
Nagpur,Taxi,11.84,19,6,11,SUV,276.97
Jaipur,Auto,13.39,10,1,4,Standard,138.73
Bengaluru,Auto,39.62,13,0,2,Standard,602.62
Pune,Auto,10.22,0,2,1,Standard,167.0
Goa,Taxi,12.09,12,0,9,Hatchback,368.64
Mumbai,Auto,3.71,3,6,7,Standard,112.8
Delhi,Auto,16.61,17,6,6,Standard,243.57
Mumbai,Auto,28.16,14,3,11,Standard,453.42
Mumbai,Auto,2.14,1,6,1,Standard,73.93
Delhi,Auto,7.64,6,5,6,Standard,140.85
Pune,Taxi,34.85,8,6,1,SUV,870.4
Delhi,Taxi,13.84,19,6,7,Hatchback,296.24
Nagpur,Taxi,18.97,4,2,3,SUV,511.23
Goa,Auto,27.06,16,4,4,Standard,456.27
Jaipur,Auto,13.55,23,3,4,Standard,155.86
Goa,Auto,14.77,7,5,11,Standard,292.35
Nagpur,Taxi,38.9,1,1,1,Sedan,713.91
Bengaluru,Auto,20.02,10,1,10,Standard,347.84
Pune,Auto,28.63,20,1,9,Standard,307.1
Nagpur,Taxi,16.04,14,6,10,Hatchback,266.02
Goa,Auto,3.68,13,1,11,Standard,92.7
Goa,Taxi,18.98,3,5,2,Sedan,696.96
Bengaluru,Taxi,2.11,21,4,8,Hatchback,100.38
Mumbai,Taxi,17.83,4,3,9,Hatchback,480.33
Delhi,Taxi,11.63,3,0,11,Hatchback,314.43
Bengaluru,Taxi,8.39,5,4,5,Hatchback,241.42
Bengaluru,Auto,27.57,20,1,2,Standard,406.66
Mumbai,Taxi,11.38,2,4,2,SUV,475.69
Pune,Auto,16.32,7,5,12,Standard,204.52
Nagpur,Taxi,14.56,9,5,10,Sedan,257.51
Mumbai,Taxi,20.63,22,4,8,Sedan,652.02
Goa,Taxi,13.29,2,1,3,Sedan,501.86
Bengaluru,Taxi,26.98,13,2,1,Sedan,657.37
Delhi,Taxi,27.49,0,4,6,Sedan,841.19
Pune,Taxi,35.06,15,0,1,Hatchback,659.89
Pune,Auto,21.49,5,6,3,Standard,293.38
Mumbai,Auto,18.65,23,2,9,Standard,318.9
Bengaluru,Auto,18.89,11,2,12,Standard,298.61
Pune,Auto,11.53,16,5,11,Standard,143.59
Bengaluru,Taxi,39.77,11,3,1,SUV,1291.86
Jaipur,Auto,9.05,2,1,7,Standard,129.44
Delhi,Auto,11.35,21,2,6,Standard,164.77
Bengaluru,Auto,8.43,18,4,12,Standard,154.36
Pune,Taxi,32.02,18,6,6,Hatchback,561.85
Mumbai,Auto,19.19,4,4,5,Standard,357.48
Jaipur,Taxi,19.99,2,6,5,Hatchback,335.16
Mumbai,Taxi,33.19,3,0,8,Hatchback,813.62
Bengaluru,Auto,2.95,4,2,5,Standard,100.12
Pune,Taxi,28.81,4,5,4,Sedan,675.36
Mumbai,Auto,2.25,11,1,11,Standard,67.86
Bengaluru,Auto,35.83,9,4,5,Standard,511.44
Bengaluru,Auto,27.65,6,2,3,Standard,428.38
Nagpur,Auto,4.34,18,5,8,Standard,66.94
Bengaluru,Auto,6.41,14,5,6,Standard,138.0
Jaipur,Auto,14.81,14,3,7,Standard,167.6
Pune,Taxi,4.45,4,4,5,Hatchback,143.92
Pune,Auto,25.21,18,2,1,Standard,320.79
Bengaluru,Taxi,27.13,14,6,9,Hatchback,670.27
Mumbai,Taxi,11.54,20,0,6,Sedan,320.99
Goa,Auto,27.93,1,0,12,Standard,611.4
Pune,Taxi,9.0,4,4,12,SUV,366.04
Nagpur,Taxi,25.95,4,2,11,SUV,608.51
Mumbai,Auto,5.47,0,1,10,Standard,141.68
Pune,Taxi,8.97,15,0,9,Sedan,208.61
Mumbai,Taxi,16.78,5,6,4,Hatchback,438.82
Pune,Auto,34.51,19,0,7,Standard,368.52
Mumbai,Taxi,32.92,21,1,3,Sedan,786.41
Jaipur,Taxi,19.74,9,5,2,Hatchback,378.57
Bengaluru,Auto,16.26,22,6,2,Standard,326.97
Goa,Auto,2.09,14,0,10,Standard,71.4
Pune,Auto,26.16,21,4,8,Standard,278.22
Delhi,Taxi,35.41,14,2,1,Hatchback,766.3
Delhi,Taxi,36.2,16,3,9,Hatchback,627.53
Jaipur,Taxi,26.58,18,2,8,Hatchback,445.11
Goa,Taxi,31.61,21,2,7,Hatchback,693.99
Goa,Auto,38.54,19,5,3,Standard,662.99
Pune,Auto,28.21,18,4,6,Standard,341.45
Goa,Auto,2.75,23,1,4,Standard,97.75
Mumbai,Auto,13.62,7,6,12,Standard,242.65
Mumbai,Taxi,35.81,13,0,1,SUV,1175.3
Mumbai,Taxi,3.84,11,4,11,SUV,211.0
Nagpur,Auto,28.25,12,1,11,Standard,283.18
Nagpur,Taxi,20.15,21,2,4,Hatchback,285.94
Nagpur,Auto,4.35,0,5,11,Standard,65.87
Mumbai,Taxi,15.02,13,4,9,Sedan,424.59
Delhi,Taxi,29.47,23,5,9,SUV,1140.75
Goa,Taxi,33.28,16,2,6,SUV,1252.33
Pune,Taxi,18.12,20,3,2,Sedan,382.4
Nagpur,Auto,5.6,7,0,10,Standard,75.12
Mumbai,Taxi,36.97,8,3,12,Hatchback,759.2
Goa,Taxi,3.92,18,1,9,Hatchback,166.87
Pune,Auto,25.13,17,5,2,Standard,322.76
Delhi,Taxi,14.18,8,1,6,Sedan,370.13
Mumbai,Taxi,22.34,23,2,11,Sedan,727.26
Mumbai,Taxi,3.84,18,4,12,Hatchback,140.49
Goa,Taxi,39.26,13,4,12,Hatchback,971.89
Mumbai,Auto,11.55,1,0,1,Standard,225.97
Nagpur,Auto,19.63,7,0,1,Standard,177.86
Goa,Taxi,24.72,12,5,11,SUV,1030.93
Pune,Auto,16.1,12,5,3,Standard,210.46
Bengaluru,Taxi,18.08,19,2,6,Sedan,462.24
Bengaluru,Taxi,10.05,18,0,4,Sedan,299.81
Goa,Taxi,35.06,7,6,1,Sedan,892.84
Nagpur,Auto,12.02,10,2,10,Standard,137.1
Nagpur,Auto,24.64,15,5,2,Standard,267.75
Mumbai,Auto,20.3,23,6,6,Standard,419.54
Goa,Taxi,28.81,11,6,9,Hatchback,709.63
Jaipur,Taxi,35.83,10,5,9,SUV,877.14
Mumbai,Auto,28.51,19,3,5,Standard,370.62
Nagpur,Taxi,29.93,6,0,6,Hatchback,463.81
Goa,Taxi,39.14,22,3,11,Sedan,1449.48
Mumbai,Taxi,33.62,8,2,10,Hatchback,699.67
Goa,Taxi,11.88,19,3,8,Sedan,324.62
Bengaluru,Auto,2.73,6,3,3,Standard,81.32
Pune,Taxi,12.9,17,6,6,SUV,441.99
Pune,Auto,32.6,18,1,1,Standard,367.49
Goa,Auto,31.52,23,6,1,Standard,754.54
Pune,Auto,34.48,17,3,7,Standard,409.4
Pune,Auto,38.45,14,5,4,Standard,426.22
Mumbai,Auto,4.34,7,6,9,Standard,93.15
Pune,Auto,25.01,11,2,11,Standard,282.14
Jaipur,Taxi,12.97,21,2,5,Sedan,273.59
Bengaluru,Auto,18.16,14,0,6,Standard,299.08
Goa,Taxi,3.28,2,2,10,Hatchback,180.04
Mumbai,Auto,11.06,8,2,8,Standard,165.71
Jaipur,Taxi,34.98,20,0,4,Sedan,548.73
Mumbai,Taxi,20.76,14,4,6,SUV,620.89
Jaipur,Taxi,38.12,8,2,1,Sedan,682.96
Goa,Auto,24.42,11,0,2,Standard,408.98
Mumbai,Taxi,8.96,18,2,11,Sedan,251.93
Jaipur,Auto,6.58,10,4,6,Standard,86.6
Bengaluru,Auto,37.76,9,4,1,Standard,535.24
Mumbai,Auto,36.56,0,0,10,Standard,579.22
Delhi,Auto,15.77,18,0,11,Standard,234.31
Bengaluru,Taxi,38.39,7,4,9,Sedan,1104.21
Jaipur,Auto,34.06,16,6,1,Standard,381.23
Jaipur,Auto,11.5,18,2,4,Standard,131.75
Goa,Auto,18.78,23,0,12,Standard,394.66
Jaipur,Auto,4.11,17,4,2,Standard,73.07
Jaipur,Auto,18.51,13,1,10,Standard,220.8
Nagpur,Taxi,27.29,21,1,10,Hatchback,381.15
Delhi,Auto,5.6,13,3,9,Standard,111.82
Pune,Auto,36.1,14,0,3,Standard,381.67
Delhi,Auto,5.93,1,6,7,Standard,121.09
Nagpur,Taxi,21.08,16,3,7,Sedan,343.75
Bengaluru,Taxi,12.44,10,6,6,SUV,526.66
Pune,Taxi,2.76,23,2,8,SUV,170.01
Jaipur,Auto,12.28,15,5,3,Standard,160.66
Jaipur,Taxi,35.93,18,4,6,Sedan,645.75
Bengaluru,Auto,18.1,16,5,10,Standard,297.96
Goa,Taxi,12.6,10,0,10,Sedan,386.63
Pune,Auto,13.59,10,6,3,Standard,205.81
Mumbai,Taxi,21.25,18,4,6,Hatchback,429.11
Delhi,Taxi,12.23,15,3,4,Sedan,327.31
Delhi,Auto,37.06,21,2,3,Standard,431.4
Pune,Taxi,24.34,1,4,9,Sedan,601.62
Mumbai,Auto,15.41,9,4,7,Standard,252.75
Pune,Taxi,12.5,3,5,12,Hatchback,328.92
Mumbai,Auto,20.24,2,6,3,Standard,427.2
Jaipur,Taxi,32.34,23,6,4,Hatchback,616.56
Delhi,Taxi,14.08,14,5,12,SUV,478.6
Goa,Taxi,27.83,1,3,2,SUV,1483.34
Goa,Auto,33.82,21,6,11,Standard,512.49
Jaipur,Taxi,6.34,12,6,4,Sedan,160.16
Delhi,Auto,19.9,5,5,8,Standard,270.5
Nagpur,Taxi,34.43,23,1,1,SUV,813.3
Bengaluru,Taxi,7.95,13,5,5,SUV,372.46
Jaipur,Taxi,14.6,16,5,3,SUV,430.73
Goa,Taxi,27.05,15,6,11,Hatchback,686.96
Delhi,Auto,4.76,3,6,5,Standard,116.0
Bengaluru,Auto,26.83,3,1,8,Standard,542.72
Jaipur,Taxi,28.18,22,1,8,Hatchback,530.99
Goa,Auto,27.8,0,2,5,Standard,597.77
Goa,Auto,22.93,10,2,11,Standard,369.06
Bengaluru,Auto,16.55,1,2,8,Standard,336.38
Delhi,Taxi,18.46,7,4,3,Hatchback,385.08
Goa,Taxi,24.82,4,4,9,SUV,1072.2
Jaipur,Taxi,4.52,22,2,6,Hatchback,123.59
Pune,Taxi,2.92,6,2,9,SUV,128.44
Nagpur,Auto,12.32,5,2,6,Standard,132.08
Pune,Taxi,2.41,0,6,9,Sedan,102.0
Bengaluru,Auto,7.12,9,0,4,Standard,146.0
Jaipur,Taxi,11.63,3,6,7,Sedan,276.84
Nagpur,Auto,3.98,16,5,12,Standard,66.77
Bengaluru,Taxi,29.96,17,4,3,Sedan,707.94
Pune,Auto,33.43,9,6,6,Standard,403.22
Jaipur,Taxi,11.69,6,0,5,Hatchback,232.36
Pune,Auto,12.36,2,1,7,Standard,190.76
Bengaluru,Auto,15.91,15,5,7,Standard,312.01
Goa,Taxi,9.74,0,3,4,Hatchback,362.14
Bengaluru,Taxi,13.11,4,6,11,SUV,689.53
Mumbai,Taxi,34.73,15,4,4,Sedan,741.76
Bengaluru,Auto,3.3,15,2,7,Standard,82.6
Delhi,Taxi,13.54,18,4,7,Sedan,354.84
Delhi,Taxi,31.99,17,3,6,SUV,1041.41
Nagpur,Auto,28.65,16,4,12,Standard,315.18
Mumbai,Taxi,28.27,12,1,1,Hatchback,563.97
Jaipur,Taxi,8.7,3,0,7,Sedan,202.39
Jaipur,Auto,30.21,17,3,7,Standard,279.68
Mumbai,Auto,29.08,21,2,9,Standard,401.96
Delhi,Taxi,12.32,21,1,10,Sedan,334.1
Delhi,Auto,19.05,10,5,12,Standard,307.39
Nagpur,Taxi,28.89,15,0,6,SUV,626.19
Nagpur,Auto,39.74,0,2,12,Standard,388.36
Jaipur,Taxi,18.89,3,0,10,SUV,511.78
Nagpur,Taxi,25.82,7,2,11,Hatchback,339.73
Nagpur,Auto,33.01,13,4,12,Standard,306.12
Pune,Auto,22.88,20,5,4,Standard,261.45
Nagpur,Taxi,9.44,5,2,10,SUV,221.76
Goa,Auto,23.45,18,4,5,Standard,437.85
Jaipur,Auto,7.56,7,1,2,Standard,109.84
Pune,Taxi,7.43,0,2,2,Sedan,231.38
Mumbai,Taxi,32.48,13,5,8,SUV,1052.38
Pune,Taxi,22.85,12,6,7,Sedan,508.34
Delhi,Auto,21.7,19,6,4,Standard,341.74
Jaipur,Auto,33.76,17,3,8,Standard,367.54
Delhi,Taxi,36.09,20,2,3,SUV,929.2
Delhi,Auto,29.41,6,4,9,Standard,420.77
Nagpur,Auto,7.98,23,0,4,Standard,103.94
Pune,Taxi,23.86,10,0,6,Sedan,527.33
Pune,Taxi,11.65,20,2,11,SUV,348.81
Mumbai,Auto,25.39,18,6,1,Standard,423.67
Bengaluru,Auto,7.78,23,6,11,Standard,193.34
Goa,Taxi,15.41,19,5,3,Sedan,501.6
Nagpur,Taxi,17.36,3,0,8,Sedan,341.34
Mumbai,Auto,34.46,8,6,4,Standard,534.6
Jaipur,Taxi,33.65,10,5,3,Hatchback,605.0
Pune,Auto,37.68,12,3,11,Standard,454.73
Mumbai,Taxi,6.75,8,0,3,SUV,277.65
Delhi,Taxi,20.71,5,5,12,SUV,719.7
Mumbai,Auto,22.86,3,2,8,Standard,411.93
Jaipur,Taxi,37.28,2,0,2,SUV,880.01
Mumbai,Taxi,24.05,0,6,3,Hatchback,714.33
Nagpur,Auto,4.17,23,1,5,Standard,73.16
Jaipur,Taxi,30.48,4,2,1,SUV,768.12
Delhi,Taxi,6.48,10,3,4,Hatchback,179.51
Delhi,Taxi,39.19,8,5,8,Sedan,830.97
Bengaluru,Auto,14.61,20,4,8,Standard,269.11
Jaipur,Taxi,38.04,18,3,3,Sedan,659.59
Nagpur,Auto,26.19,21,6,5,Standard,253.55
Jaipur,Auto,21.02,6,2,4,Standard,227.02
Mumbai,Taxi,26.67,5,3,3,SUV,866.24
Delhi,Auto,26.67,1,2,12,Standard,399.42
Delhi,Taxi,17.43,10,2,11,Sedan,442.63
Nagpur,Auto,7.35,17,1,1,Standard,88.83
Pune,Auto,29.51,15,6,4,Standard,344.4
Delhi,Auto,27.46,9,0,4,Standard,385.42
Pune,Taxi,17.61,8,4,7,Hatchback,337.66
Nagpur,Taxi,35.58,22,4,4,Hatchback,629.51
Pune,Taxi,26.87,1,0,5,Sedan,656.84
Nagpur,Auto,16.44,14,0,11,Standard,157.41
Nagpur,Auto,4.13,7,6,4,Standard,63.25
Jaipur,Taxi,27.7,11,0,8,Sedan,448.28
Mumbai,Auto,28.25,15,5,7,Standard,463.49
Jaipur,Taxi,16.12,10,6,3,Sedan,310.42
Delhi,Auto,24.28,17,0,6,Standard,323.45
Jaipur,Taxi,35.54,5,6,4,Sedan,624.09
Delhi,Taxi,24.37,12,0,11,SUV,684.8
Bengaluru,Taxi,9.24,13,0,6,Sedan,278.78
Nagpur,Auto,12.11,12,5,8,Standard,124.05
Bengaluru,Taxi,16.53,16,6,2,Sedan,480.72
Mumbai,Auto,26.58,12,6,1,Standard,373.14
Nagpur,Auto,1.45,20,5,7,Standard,38.18
Mumbai,Auto,11.09,20,0,10,Standard,195.83
Bengaluru,Auto,28.77,17,2,2,Standard,484.35
Bengaluru,Auto,6.87,10,5,10,Standard,136.41
Pune,Auto,2.89,9,0,2,Standard,66.62
Bengaluru,Auto,35.68,21,2,5,Standard,542.93
Jaipur,Auto,22.17,5,2,6,Standard,235.06
Bengaluru,Auto,25.8,19,0,6,Standard,433.37
Pune,Auto,7.83,17,0,3,Standard,120.8
Jaipur,Auto,35.82,11,3,12,Standard,381.31
Goa,Auto,3.98,11,0,3,Standard,104.37
Jaipur,Taxi,20.99,23,0,6,Hatchback,415.71
Jaipur,Auto,16.63,5,5,5,Standard,206.4
Jaipur,Taxi,38.64,6,4,5,Hatchback,667.82
Pune,Taxi,32.16,11,4,8,SUV,790.96
Bengaluru,Auto,11.8,21,0,10,Standard,203.84
Nagpur,Auto,1.2,6,0,7,Standard,36.11
Delhi,Auto,24.36,20,2,2,Standard,303.56
Mumbai,Auto,3.49,9,5,12,Standard,88.43
Bengaluru,Auto,22.12,15,4,1,Standard,344.05
Delhi,Auto,6.92,23,3,4,Standard,146.17
Nagpur,Auto,16.71,21,6,10,Standard,203.66
Jaipur,Auto,4.24,23,4,6,Standard,70.97
Goa,Auto,27.31,0,1,10,Standard,599.11
Pune,Auto,17.2,0,6,5,Standard,264.06
Bengaluru,Taxi,36.93,4,3,10,Hatchback,1090.68
Mumbai,Taxi,9.51,3,4,5,Hatchback,268.33
Nagpur,Auto,14.73,6,3,10,Standard,148.26
Goa,Auto,26.91,21,5,11,Standard,447.47
Pune,Auto,34.5,15,6,8,Standard,401.05
Bengaluru,Taxi,16.6,0,4,6,Sedan,566.54
Jaipur,Taxi,36.38,12,4,11,SUV,829.92
Bengaluru,Auto,25.82,19,1,3,Standard,421.62
Pune,Taxi,23.25,13,0,6,SUV,649.14
Nagpur,Auto,38.12,0,5,10,Standard,463.0
Jaipur,Auto,34.16,5,3,6,Standard,373.94
Nagpur,Taxi,37.55,6,2,3,Hatchback,515.95
Mumbai,Taxi,18.99,7,5,10,SUV,668.09
Nagpur,Taxi,20.51,3,6,10,Hatchback,390.69
Goa,Taxi,19.03,2,0,12,Sedan,629.84
Jaipur,Auto,34.62,2,6,7,Standard,460.63
Jaipur,Taxi,31.29,20,4,12,SUV,652.41
Bengaluru,Taxi,32.65,23,6,1,Hatchback,891.98
Jaipur,Auto,31.71,3,1,5,Standard,387.13
Pune,Taxi,7.59,13,5,6,SUV,241.8
Nagpur,Auto,11.32,10,5,12,Standard,118.66
Jaipur,Auto,30.52,10,2,12,Standard,315.74
Goa,Auto,23.16,19,0,3,Standard,356.51
Delhi,Taxi,35.33,18,2,12,Sedan,723.44
Jaipur,Taxi,25.72,15,5,8,SUV,674.03
Nagpur,Taxi,24.69,12,2,11,Sedan,383.55
Goa,Taxi,12.82,18,0,5,SUV,509.99
Pune,Auto,25.12,5,2,11,Standard,276.41
Goa,Auto,15.74,15,5,3,Standard,317.99
Bengaluru,Taxi,35.99,0,5,2,Hatchback,971.15
Delhi,Taxi,6.85,19,6,12,Sedan,215.6
Jaipur,Taxi,20.45,18,5,1,Hatchback,380.43
Goa,Taxi,8.9,21,0,7,SUV,406.85
Delhi,Taxi,22.58,17,6,12,Hatchback,483.07
Mumbai,Taxi,23.1,7,1,5,Hatchback,547.86
Nagpur,Taxi,27.9,14,1,1,Sedan,511.25
Delhi,Auto,29.98,23,6,2,Standard,565.75
Nagpur,Auto,9.1,7,4,10,Standard,105.32
Mumbai,Taxi,31.81,2,1,8,Hatchback,745.06
Mumbai,Auto,4.9,18,1,10,Standard,100.37
Pune,Taxi,17.76,3,5,8,SUV,642.74
Nagpur,Auto,10.82,13,4,5,Standard,121.16
Nagpur,Auto,21.05,20,2,5,Standard,232.26
Nagpur,Auto,27.44,16,2,11,Standard,267.06
Goa,Taxi,1.25,16,3,8,Hatchback,83.76
Mumbai,Auto,4.69,14,2,11,Standard,102.3
Goa,Taxi,31.37,7,1,5,Sedan,854.61
Delhi,Auto,27.71,19,1,10,Standard,380.6
Delhi,Taxi,30.89,5,6,3,Sedan,725.11
Nagpur,Auto,26.49,13,6,12,Standard,260.28
Delhi,Auto,15.46,9,2,12,Standard,210.86
Jaipur,Auto,13.01,18,3,7,Standard,133.88
Bengaluru,Taxi,14.79,4,3,5,Hatchback,384.53
Jaipur,Taxi,26.82,8,2,6,Sedan,419.92
Bengaluru,Auto,22.76,23,1,4,Standard,433.65
Bengaluru,Auto,3.9,5,2,12,Standard,94.7
Jaipur,Auto,31.47,12,5,12,Standard,344.49
Delhi,Auto,4.96,20,2,5,Standard,93.36
Bengaluru,Auto,19.4,23,0,6,Standard,408.04
Jaipur,Auto,35.08,18,2,10,Standard,337.58
Mumbai,Auto,13.79,17,6,11,Standard,215.78
Pune,Auto,6.48,2,6,12,Standard,126.86
Delhi,Auto,30.14,6,1,6,Standard,391.68
Bengaluru,Auto,8.76,22,2,5,Standard,194.64
Mumbai,Taxi,26.05,13,3,8,Sedan,678.39
Goa,Taxi,15.57,18,3,1,SUV,688.4
Goa,Auto,12.02,10,5,2,Standard,246.55
Pune,Taxi,31.44,17,1,9,SUV,900.6
Mumbai,Auto,30.32,21,3,5,Standard,432.63
Jaipur,Taxi,13.89,5,5,10,SUV,364.25
Pune,Auto,16.66,9,0,10,Standard,226.46
Mumbai,Taxi,13.57,4,2,4,Sedan,438.96
Goa,Auto,26.49,6,6,10,Standard,508.41
Jaipur,Taxi,31.15,6,2,3,Sedan,491.35
Pune,Taxi,22.06,2,2,6,Sedan,567.01
Jaipur,Taxi,12.81,13,2,4,Sedan,276.13
Nagpur,Auto,6.36,14,0,7,Standard,71.99
Goa,Taxi,2.92,14,3,4,Hatchback,119.61
Bengaluru,Taxi,38.8,16,4,12,Sedan,1000.14
Nagpur,Taxi,37.69,23,4,6,Sedan,705.79
Delhi,Auto,9.2,2,6,9,Standard,181.88
Delhi,Taxi,1.63,12,6,7,Hatchback,80.8
Goa,Taxi,15.06,9,6,2,Hatchback,415.27
Goa,Auto,39.99,2,5,11,Standard,941.34
Bengaluru,Taxi,29.46,10,0,3,Hatchback,752.77
Nagpur,Taxi,21.23,4,5,8,Sedan,440.07
Mumbai,Taxi,26.78,11,4,7,SUV,944.35
Bengaluru,Taxi,37.52,4,5,11,Sedan,1076.73
Mumbai,Taxi,20.4,9,3,11,Sedan,493.31
Goa,Auto,2.11,0,2,1,Standard,104.68
Mumbai,Taxi,2.81,12,6,10,Hatchback,121.27
Nagpur,Taxi,1.58,7,0,7,Sedan,71.16
Mumbai,Auto,39.35,17,3,3,Standard,603.0
Goa,Taxi,19.57,8,1,6,Hatchback,522.21
Delhi,Taxi,20.22,18,1,3,Hatchback,385.61
Nagpur,Taxi,26.71,23,0,12,Sedan,473.53
Pune,Taxi,9.82,5,5,11,Sedan,226.73
Jaipur,Auto,30.64,4,2,7,Standard,342.64
Nagpur,Taxi,36.33,12,5,1,SUV,887.71
Nagpur,Taxi,25.75,7,1,7,Sedan,408.1
Pune,Auto,34.45,6,5,10,Standard,412.6
Nagpur,Auto,22.29,3,5,5,Standard,269.1
Pune,Auto,39.87,5,2,6,Standard,494.53
Bengaluru,Auto,27.05,10,6,9,Standard,424.34
Goa,Auto,26.05,17,1,2,Standard,404.41
Bengaluru,Taxi,22.47,9,1,6,Sedan,576.29
Bengaluru,Taxi,8.12,16,1,3,SUV,379.47
Nagpur,Taxi,29.6,11,4,10,Sedan,516.52
Pune,Taxi,15.14,7,5,9,SUV,420.61
Nagpur,Taxi,7.46,20,6,10,SUV,201.17
Goa,Taxi,37.75,19,3,4,SUV,1295.78
Bengaluru,Auto,36.14,13,3,8,Standard,535.51
Jaipur,Auto,3.92,22,4,11,Standard,67.88
Jaipur,Taxi,30.45,4,1,8,Sedan,630.72
Goa,Taxi,31.67,20,3,7,Hatchback,792.59
Nagpur,Auto,9.83,8,1,7,Standard,102.31
Jaipur,Taxi,18.29,21,2,6,Sedan,298.0
Mumbai,Auto,31.09,19,3,4,Standard,463.57
Delhi,Taxi,29.97,14,1,2,SUV,964.06
Goa,Auto,38.03,1,3,5,Standard,722.2
Bengaluru,Auto,35.17,22,6,8,Standard,699.48
Nagpur,Taxi,39.91,19,4,6,Sedan,599.0
Goa,Auto,17.45,20,0,5,Standard,328.71
Jaipur,Auto,25.97,10,3,11,Standard,298.61
Delhi,Taxi,4.94,15,1,10,Sedan,153.61
Pune,Auto,5.05,22,3,9,Standard,99.71
Pune,Auto,2.64,3,4,11,Standard,74.62
Pune,Taxi,38.7,7,2,10,Sedan,777.53
Pune,Auto,29.01,1,2,11,Standard,422.11
Goa,Auto,37.67,20,5,7,Standard,663.27
Mumbai,Taxi,8.05,20,2,2,SUV,304.13
Bengaluru,Taxi,18.81,8,2,11,SUV,671.1
Nagpur,Auto,31.56,10,3,12,Standard,344.34
Delhi,Taxi,22.78,17,5,6,Sedan,567.1
Goa,Auto,33.94,2,2,6,Standard,736.44
Jaipur,Taxi,33.32,3,5,2,Hatchback,621.07
Delhi,Auto,30.51,6,2,12,Standard,397.73
Delhi,Auto,30.44,5,2,1,Standard,361.14
Pune,Auto,30.51,17,1,7,Standard,369.73
Mumbai,Taxi,4.53,19,5,7,Sedan,181.81
Nagpur,Auto,16.47,12,0,12,Standard,185.23
Goa,Auto,13.63,7,3,1,Standard,231.42
Nagpur,Auto,20.29,22,1,4,Standard,247.73
Bengaluru,Taxi,1.48,7,0,10,Sedan,100.12
Bengaluru,Auto,17.08,16,4,7,Standard,293.65
Bengaluru,Auto,32.33,8,3,6,Standard,488.15
Nagpur,Auto,4.0,22,1,6,Standard,71.7
Jaipur,Taxi,23.58,3,6,9,SUV,691.37
Pune,Auto,32.48,19,1,12,Standard,366.92
Jaipur,Taxi,11.5,1,3,10,Hatchback,223.33
Pune,Auto,38.17,5,0,9,Standard,436.77
Jaipur,Taxi,19.59,22,1,2,Hatchback,370.36
Mumbai,Auto,37.95,23,0,12,Standard,659.44
Bengaluru,Taxi,9.39,14,2,9,Hatchback,273.69
Delhi,Auto,23.22,16,3,3,Standard,331.56
Jaipur,Auto,38.86,1,5,6,Standard,471.76
Goa,Taxi,3.48,13,5,3,SUV,234.97
Nagpur,Taxi,2.15,15,5,2,Sedan,72.8
Mumbai,Auto,32.39,12,5,8,Standard,444.5
Delhi,Taxi,13.14,5,5,7,Sedan,364.05
Bengaluru,Taxi,11.16,6,1,6,Sedan,371.63
Jaipur,Taxi,18.62,3,4,5,Hatchback,300.41
Pune,Taxi,3.31,11,0,3,SUV,130.24
Pune,Taxi,13.75,9,0,10,Sedan,302.02
Goa,Taxi,8.35,19,3,3,Sedan,281.11
Delhi,Taxi,36.59,19,2,10,SUV,979.82
Bengaluru,Taxi,6.81,14,0,10,SUV,274.26
Pune,Taxi,37.47,3,2,11,Hatchback,692.31
Pune,Taxi,20.41,19,1,10,Sedan,459.45
Bengaluru,Auto,37.82,21,4,2,Standard,560.97
Delhi,Taxi,38.46,15,1,7,Sedan,733.52
Mumbai,Auto,34.06,2,5,11,Standard,585.5
Pune,Auto,12.02,4,3,4,Standard,174.66
Jaipur,Auto,17.97,2,3,1,Standard,219.0
Delhi,Auto,12.93,9,6,11,Standard,207.0
Pune,Taxi,37.92,9,4,12,Sedan,802.93
Pune,Taxi,13.23,1,4,1,SUV,398.73
Delhi,Auto,14.72,17,0,11,Standard,228.44
Jaipur,Taxi,15.46,22,0,4,SUV,392.34
Nagpur,Taxi,13.49,22,1,8,SUV,334.56
Jaipur,Taxi,36.96,6,5,2,Sedan,736.22
Mumbai,Taxi,32.73,10,1,7,SUV,1135.62
Delhi,Auto,7.08,19,1,10,Standard,122.73
Bengaluru,Auto,37.67,20,5,5,Standard,597.22
Mumbai,Auto,15.71,6,6,8,Standard,240.42
Mumbai,Auto,28.14,14,1,11,Standard,425.98
Mumbai,Taxi,7.2,15,0,3,Sedan,220.34
Nagpur,Auto,12.11,9,2,10,Standard,125.38
Goa,Taxi,33.09,6,0,9,Hatchback,874.67
Nagpur,Taxi,39.83,15,3,2,SUV,780.3
Mumbai,Auto,4.26,22,6,2,Standard,109.01
Pune,Auto,29.8,14,4,1,Standard,365.59
Pune,Taxi,29.27,1,4,1,Sedan,734.81
Delhi,Auto,14.65,6,5,1,Standard,213.52
Nagpur,Auto,9.78,20,1,6,Standard,116.27
Bengaluru,Taxi,3.71,7,4,9,Hatchback,131.58
Nagpur,Taxi,38.6,1,0,11,SUV,823.28
Pune,Taxi,29.1,23,2,6,SUV,792.14
Mumbai,Taxi,15.87,18,0,7,Sedan,435.52
Mumbai,Taxi,2.37,17,0,1,SUV,156.8
Bengaluru,Auto,27.74,12,3,12,Standard,410.85
Bengaluru,Auto,39.23,20,3,8,Standard,664.7
Nagpur,Auto,9.73,9,5,12,Standard,107.99
Bengaluru,Auto,15.36,0,3,5,Standard,273.65
Bengaluru,Auto,39.51,4,6,11,Standard,708.18
Bengaluru,Auto,18.96,14,3,7,Standard,309.29
Delhi,Auto,6.19,16,1,4,Standard,99.99
Nagpur,Taxi,26.71,19,2,8,SUV,601.76
Goa,Auto,26.12,6,3,3,Standard,430.7
Pune,Auto,36.28,19,3,1,Standard,391.39
Delhi,Taxi,15.99,16,3,3,SUV,559.8
Mumbai,Taxi,23.13,5,2,12,Hatchback,534.17
Goa,Taxi,16.67,6,1,7,SUV,628.17
Nagpur,Taxi,13.33,19,4,12,Hatchback,222.59
Mumbai,Taxi,4.34,0,6,1,Sedan,187.98
Mumbai,Auto,8.92,4,1,5,Standard,199.58
Delhi,Auto,19.53,22,1,5,Standard,318.42
Goa,Taxi,7.37,3,4,10,Sedan,323.36
Pune,Auto,27.91,7,0,11,Standard,366.86
Bengaluru,Taxi,6.29,12,3,7,Sedan,214.76
Goa,Taxi,27.84,11,3,10,SUV,1051.95
Bengaluru,Taxi,37.92,18,2,6,Hatchback,980.31
Delhi,Taxi,6.26,9,5,7,Sedan,208.14
Mumbai,Taxi,13.51,22,6,2,SUV,586.44
Goa,Auto,25.25,18,3,3,Standard,407.14
Delhi,Taxi,11.93,16,0,8,SUV,379.1
Nagpur,Taxi,10.31,9,2,8,SUV,294.07
Delhi,Taxi,30.25,21,3,11,Hatchback,534.16
Pune,Taxi,35.01,19,0,12,Sedan,692.2
Delhi,Auto,36.28,12,3,1,Standard,490.31
Delhi,Auto,15.3,16,6,7,Standard,222.36
Delhi,Taxi,29.05,17,1,8,Hatchback,542.4
Mumbai,Auto,32.41,10,6,9,Standard,533.27
Mumbai,Taxi,10.48,5,2,2,Sedan,266.43
Goa,Taxi,34.68,0,5,1,Sedan,1351.6
Delhi,Taxi,23.73,14,5,6,Sedan,594.27
Mumbai,Taxi,28.46,6,5,2,Sedan,666.06
Jaipur,Taxi,17.89,21,1,4,Sedan,295.47
Mumbai,Auto,25.39,6,3,4,Standard,389.7
Bengaluru,Taxi,12.23,21,4,1,Hatchback,318.22
Pune,Taxi,7.86,6,2,3,Sedan,208.86
Pune,Taxi,5.84,2,1,3,SUV,260.97
Goa,Taxi,16.39,18,2,10,Sedan,469.65
Jaipur,Auto,17.63,11,5,4,Standard,207.57
Jaipur,Auto,30.42,2,0,2,Standard,350.42
Jaipur,Taxi,30.47,13,0,11,SUV,764.53
Jaipur,Auto,39.11,21,0,6,Standard,410.97
Delhi,Taxi,11.24,10,3,6,SUV,399.69
Bengaluru,Auto,12.71,15,2,9,Standard,248.62
Nagpur,Taxi,7.65,22,2,7,SUV,227.87
Bengaluru,Auto,19.08,14,3,3,Standard,286.8
Goa,Auto,38.04,4,6,6,Standard,812.41
Goa,Taxi,15.26,13,6,11,Hatchback,468.18
Nagpur,Taxi,4.7,12,3,3,Sedan,104.42
Nagpur,Taxi,16.3,9,6,9,Hatchback,254.51
Nagpur,Auto,17.88,5,3,11,Standard,165.38
Mumbai,Taxi,28.53,19,2,3,Hatchback,579.55
Bengaluru,Taxi,20.13,9,5,3,Hatchback,497.91
Delhi,Auto,24.37,16,2,6,Standard,342.99
Goa,Taxi,23.05,15,0,1,Hatchback,574.24
Bengaluru,Taxi,37.84,22,1,6,Sedan,1155.09
Bengaluru,Auto,23.51,10,5,4,Standard,434.65
Delhi,Taxi,24.12,7,6,4,SUV,759.68
Bengaluru,Taxi,20.93,3,3,3,Hatchback,604.6
Mumbai,Auto,24.5,23,2,2,Standard,426.05
Goa,Taxi,28.76,11,6,1,Hatchback,740.91
Nagpur,Taxi,14.89,19,3,9,Hatchback,216.89
Delhi,Auto,39.43,19,4,4,Standard,545.54
Jaipur,Taxi,24.6,9,5,1,SUV,656.85
Nagpur,Auto,31.84,13,5,1,Standard,310.29
Nagpur,Taxi,1.99,20,5,7,Hatchback,59.33
Bengaluru,Taxi,25.41,17,1,10,Hatchback,599.21
Delhi,Taxi,18.78,6,5,10,Hatchback,402.36
Nagpur,Taxi,38.29,3,0,6,Hatchback,615.88
Delhi,Taxi,33.44,12,4,1,Hatchback,671.57
Jaipur,Auto,7.94,19,6,1,Standard,112.12
Delhi,Taxi,3.18,22,5,3,SUV,209.98
Mumbai,Taxi,4.99,5,5,4,Sedan,160.81
Delhi,Auto,4.17,10,6,2,Standard,87.03
Pune,Taxi,17.24,12,5,3,SUV,516.65
Mumbai,Taxi,7.2,8,1,4,Hatchback,175.64
Jaipur,Taxi,26.07,22,1,8,Sedan,452.5
Nagpur,Taxi,38.22,4,4,6,Sedan,645.96
Goa,Auto,20.9,9,3,1,Standard,369.97
Jaipur,Auto,2.57,18,0,4,Standard,48.32
Bengaluru,Taxi,28.37,18,2,9,Hatchback,735.51
Nagpur,Auto,6.94,0,5,12,Standard,102.8
Delhi,Auto,7.23,6,6,10,Standard,118.39
Nagpur,Auto,16.31,20,2,8,Standard,151.48
Pune,Auto,8.21,1,3,2,Standard,144.42
Goa,Taxi,30.63,23,5,5,Sedan,1231.95
Jaipur,Taxi,32.9,11,3,1,SUV,798.76
Nagpur,Auto,20.93,9,0,4,Standard,229.17
Goa,Auto,20.48,23,3,12,Standard,435.15
Bengaluru,Taxi,19.73,19,2,11,Hatchback,526.24
Nagpur,Taxi,5.18,0,6,1,SUV,188.78
Goa,Taxi,37.28,9,3,7,Hatchback,951.31
Nagpur,Taxi,15.35,20,1,7,Sedan,285.94
Delhi,Taxi,17.28,0,2,1,Hatchback,493.78
Delhi,Taxi,18.82,6,0,11,Hatchback,411.02
Jaipur,Taxi,7.81,3,0,12,Hatchback,157.55
Goa,Auto,1.88,18,3,2,Standard,74.1
Nagpur,Taxi,16.5,12,0,1,Sedan,287.32
Goa,Auto,7.83,0,4,1,Standard,215.08
Goa,Auto,29.04,6,6,5,Standard,444.24
Delhi,Taxi,27.9,0,5,1,Sedan,876.69
Goa,Auto,31.89,22,6,12,Standard,633.11
Delhi,Taxi,15.32,15,4,3,SUV,473.05
Delhi,Taxi,29.67,11,3,3,Hatchback,594.79
Delhi,Auto,30.93,4,6,11,Standard,562.5
Bengaluru,Auto,38.49,2,4,5,Standard,745.25
Delhi,Auto,18.58,17,6,11,Standard,247.1
Mumbai,Auto,24.35,17,5,12,Standard,344.62
Goa,Taxi,33.16,12,0,7,Sedan,981.14
Pune,Taxi,5.05,0,2,9,SUV,227.39
Nagpur,Taxi,28.68,10,3,2,SUV,608.18
Goa,Auto,21.4,12,1,10,Standard,350.03
Bengaluru,Taxi,25.98,14,1,12,Sedan,753.83
Nagpur,Taxi,32.2,15,1,2,SUV,739.08
Delhi,Taxi,12.81,6,4,11,Hatchback,252.96
Goa,Taxi,1.63,9,0,4,Sedan,102.4
Goa,Taxi,10.88,3,3,6,Sedan,461.84
Mumbai,Auto,16.12,6,2,7,Standard,255.9
Bengaluru,Taxi,20.16,1,3,6,SUV,821.71
Delhi,Auto,30.36,3,3,12,Standard,507.03
Delhi,Auto,15.82,15,6,2,Standard,232.57
Pune,Taxi,10.57,22,5,2,Sedan,286.96
Jaipur,Auto,24.54,15,0,6,Standard,250.6
Goa,Auto,24.93,3,0,11,Standard,492.51
Goa,Taxi,18.33,16,1,8,SUV,674.58
Pune,Auto,10.87,3,5,9,Standard,177.6
Bengaluru,Auto,2.55,19,2,7,Standard,68.63
Nagpur,Taxi,19.8,7,0,7,Sedan,359.3
Goa,Taxi,2.71,5,1,6,Hatchback,134.85
Pune,Auto,28.84,22,0,2,Standard,361.07
Nagpur,Taxi,20.35,22,3,1,Hatchback,358.89
Jaipur,Auto,17.33,1,2,7,Standard,215.63
Bengaluru,Taxi,4.4,21,2,8,Sedan,166.56
Nagpur,Taxi,1.94,2,4,3,Sedan,79.01
Bengaluru,Auto,19.64,21,1,10,Standard,315.12
Pune,Taxi,8.9,9,1,12,Sedan,220.36
Mumbai,Auto,20.9,0,0,9,Standard,389.16
Pune,Taxi,35.34,4,2,4,Hatchback,771.59
Goa,Taxi,26.9,15,3,4,Sedan,671.05
Bengaluru,Taxi,27.02,16,1,2,Sedan,709.66
Mumbai,Taxi,25.45,13,6,11,Sedan,629.29
Nagpur,Auto,3.33,13,0,6,Standard,57.6
Mumbai,Taxi,29.33,11,3,8,SUV,976.42
Goa,Taxi,36.39,15,4,9,SUV,1446.07
Jaipur,Taxi,24.36,9,3,2,Sedan,427.74
Mumbai,Auto,22.91,22,6,3,Standard,454.33
Mumbai,Auto,16.34,14,5,6,Standard,251.81
Pune,Auto,34.36,15,4,8,Standard,390.12
Goa,Taxi,14.15,22,3,6,Hatchback,499.68
Pune,Taxi,25.54,8,6,5,Hatchback,492.6
Nagpur,Auto,36.38,18,1,6,Standard,391.26
Nagpur,Auto,11.86,19,3,11,Standard,135.73
Goa,Taxi,12.51,21,5,6,SUV,570.23
Pune,Auto,32.12,18,4,3,Standard,342.27
Jaipur,Auto,9.02,20,6,6,Standard,110.2
Jaipur,Auto,10.58,15,5,5,Standard,149.01
Bengaluru,Auto,10.93,2,2,2,Standard,251.14
Goa,Auto,3.6,8,3,8,Standard,106.02
Pune,Auto,8.77,1,3,11,Standard,160.0
Pune,Taxi,18.05,10,0,3,Hatchback,311.59
Delhi,Taxi,34.04,8,0,9,Sedan,742.02
Nagpur,Taxi,27.78,6,0,11,SUV,626.4
Mumbai,Taxi,39.1,23,2,5,Hatchback,977.07
Nagpur,Taxi,24.54,8,4,6,SUV,595.99
Nagpur,Taxi,23.78,7,1,7,SUV,497.39
Pune,Taxi,4.56,23,4,5,Sedan,163.18
Mumbai,Taxi,33.97,7,1,8,Sedan,828.58
Nagpur,Taxi,5.19,7,5,5,Hatchback,109.64
Goa,Auto,9.32,3,6,2,Standard,242.71
Bengaluru,Auto,29.83,12,6,10,Standard,521.58
Mumbai,Auto,35.39,15,3,9,Standard,484.1
Mumbai,Auto,33.69,19,1,6,Standard,439.7
Mumbai,Auto,31.73,6,1,6,Standard,438.82
Delhi,Taxi,12.34,7,3,10,SUV,444.37
Mumbai,Taxi,28.21,14,5,1,SUV,939.05
Delhi,Auto,1.8,13,5,8,Standard,62.96
Mumbai,Auto,14.58,8,2,5,Standard,227.28
Nagpur,Taxi,26.16,19,4,4,SUV,632.2
Bengaluru,Auto,30.67,2,5,3,Standard,523.6
Jaipur,Taxi,4.09,8,3,3,Hatchback,94.46
Goa,Auto,34.97,5,1,7,Standard,540.93
Pune,Taxi,35.0,19,0,10,Sedan,705.23
Goa,Taxi,22.37,13,1,4,Hatchback,500.7
Nagpur,Taxi,31.14,8,6,3,Sedan,536.79
Goa,Auto,29.21,4,4,3,Standard,586.09
Mumbai,Auto,30.89,16,6,1,Standard,466.04
Mumbai,Auto,7.51,15,1,3,Standard,126.76
Pune,Auto,19.03,14,1,12,Standard,213.47
Nagpur,Taxi,24.63,1,0,7,SUV,554.9
Delhi,Auto,27.42,12,4,9,Standard,381.7
Pune,Auto,31.67,18,5,12,Standard,381.75
Delhi,Auto,20.62,15,1,1,Standard,260.71
Pune,Auto,5.51,13,3,7,Standard,85.2
Mumbai,Auto,8.75,0,1,7,Standard,193.8
Goa,Taxi,34.74,23,1,11,Hatchback,1175.46
Bengaluru,Taxi,1.64,7,3,5,Sedan,104.03
Bengaluru,Auto,35.41,14,1,7,Standard,609.45
Nagpur,Taxi,36.99,9,2,1,SUV,774.24
Bengaluru,Auto,24.33,11,6,9,Standard,413.88
Mumbai,Auto,14.75,6,2,9,Standard,212.2
Mumbai,Taxi,28.73,8,0,1,SUV,936.41
Jaipur,Auto,18.49,10,6,10,Standard,212.68
Pune,Auto,15.35,16,4,2,Standard,213.8
Goa,Auto,30.78,1,5,9,Standard,725.28
Pune,Taxi,37.38,12,2,11,Sedan,760.01
Jaipur,Auto,6.55,6,0,10,Standard,87.38
Bengaluru,Taxi,2.72,0,1,4,Sedan,146.89
Nagpur,Auto,17.65,18,2,4,Standard,160.93
Mumbai,Taxi,11.35,15,6,2,Sedan,303.26
Nagpur,Auto,4.12,14,6,6,Standard,65.93
Delhi,Auto,23.5,17,6,12,Standard,317.3
Jaipur,Auto,27.04,22,4,9,Standard,329.06
Goa,Taxi,32.78,13,3,5,Sedan,852.81
Pune,Auto,38.94,12,0,10,Standard,428.96
Goa,Auto,33.14,17,1,4,Standard,588.36
Nagpur,Auto,37.12,22,4,9,Standard,380.94
Jaipur,Auto,23.1,9,0,4,Standard,228.61
Bengaluru,Taxi,37.12,1,3,7,Hatchback,1064.14
Nagpur,Auto,39.16,10,2,2,Standard,359.09
Bengaluru,Auto,23.95,12,3,4,Standard,364.21
Pune,Taxi,7.21,10,4,7,Hatchback,175.52
Mumbai,Taxi,32.05,0,1,9,Sedan,902.37
Mumbai,Taxi,1.08,5,0,3,Sedan,79.57
Goa,Auto,26.98,2,0,3,Standard,635.47
Delhi,Taxi,39.86,2,0,10,Sedan,937.47
Nagpur,Taxi,33.14,15,0,5,Hatchback,494.22
Pune,Taxi,12.09,2,3,10,SUV,450.62
Nagpur,Taxi,24.65,22,2,1,Hatchback,395.27
Delhi,Taxi,19.43,14,2,9,SUV,571.03
Jaipur,Auto,32.47,7,6,5,Standard,369.84
Nagpur,Taxi,6.8,4,0,2,Hatchback,125.69
Mumbai,Taxi,39.93,4,1,12,Sedan,1010.86
Goa,Auto,23.59,22,3,7,Standard,503.47
Jaipur,Auto,35.93,20,0,6,Standard,341.27
Nagpur,Auto,2.91,8,3,3,Standard,53.95
Bengaluru,Auto,18.53,10,5,12,Standard,315.14
Delhi,Taxi,34.9,5,2,7,Sedan,679.49
Delhi,Taxi,35.48,7,4,10,Sedan,763.75
Delhi,Taxi,8.04,1,6,1,SUV,394.44
Jaipur,Auto,14.15,3,3,9,Standard,166.3
Nagpur,Auto,21.7,16,4,10,Standard,241.75
Nagpur,Auto,18.74,23,4,9,Standard,201.25
Goa,Auto,12.09,0,3,10,Standard,299.21
Goa,Taxi,33.35,13,3,10,Hatchback,827.41
Delhi,Taxi,11.32,20,6,1,Hatchback,286.14
Jaipur,Auto,11.35,16,1,1,Standard,126.88
Goa,Auto,16.48,13,0,2,Standard,310.19
Delhi,Auto,20.57,23,6,11,Standard,392.68
Goa,Taxi,39.57,6,4,11,Hatchback,965.3
Goa,Taxi,37.1,12,4,12,Sedan,956.46
Pune,Taxi,27.72,2,2,11,Sedan,592.76
Bengaluru,Taxi,6.07,23,5,5,Sedan,234.19
Delhi,Auto,7.31,13,1,12,Standard,110.98
Mumbai,Auto,39.92,22,4,11,Standard,605.59
Nagpur,Taxi,38.19,2,6,5,Sedan,786.86
Mumbai,Auto,5.74,17,3,9,Standard,101.63
Jaipur,Auto,14.89,2,2,3,Standard,181.91
Nagpur,Auto,36.53,19,6,2,Standard,414.16
Nagpur,Taxi,7.25,22,4,4,Hatchback,146.51
Goa,Auto,14.27,12,6,7,Standard,243.27
Pune,Auto,7.53,19,5,8,Standard,124.56
Jaipur,Taxi,9.84,21,6,8,SUV,290.92
Bengaluru,Auto,26.06,6,0,1,Standard,409.58
Mumbai,Auto,39.52,11,5,6,Standard,573.68
Goa,Taxi,34.62,2,1,2,Hatchback,1119.4
Pune,Taxi,6.3,15,4,9,SUV,232.55
Delhi,Taxi,32.62,20,2,4,SUV,911.91
Goa,Auto,2.52,3,0,5,Standard,107.84
Nagpur,Auto,39.97,8,2,7,Standard,428.06
Pune,Auto,20.43,23,2,7,Standard,255.22
Delhi,Auto,28.76,4,4,10,Standard,483.94
Mumbai,Auto,4.71,8,6,6,Standard,98.59
Mumbai,Taxi,9.28,2,1,1,SUV,404.99
Goa,Taxi,22.41,18,6,12,SUV,903.26
Pune,Auto,35.92,1,2,7,Standard,433.68
Delhi,Auto,6.34,3,4,1,Standard,123.48
Bengaluru,Taxi,32.57,12,4,2,Hatchback,718.9
Pune,Taxi,14.03,5,5,10,Sedan,332.97
Mumbai,Taxi,9.52,22,1,3,Hatchback,307.61
Goa,Taxi,1.21,16,2,10,Hatchback,96.61
Goa,Taxi,22.35,1,3,4,Hatchback,755.63
Bengaluru,Taxi,12.42,4,3,10,SUV,551.71
Pune,Auto,10.71,3,5,7,Standard,165.55
Pune,Auto,39.13,12,4,4,Standard,479.41
Jaipur,Taxi,8.19,20,4,2,SUV,264.3
Nagpur,Taxi,2.57,7,5,1,SUV,117.52
Jaipur,Auto,38.64,8,0,10,Standard,350.46
Nagpur,Taxi,1.54,3,2,4,SUV,92.51
Nagpur,Taxi,13.68,13,3,11,Hatchback,221.68
Delhi,Auto,34.45,4,1,7,Standard,538.34
Goa,Taxi,20.07,8,3,1,Hatchback,483.96
Bengaluru,Auto,3.39,1,5,8,Standard,106.66
Nagpur,Auto,35.37,4,2,5,Standard,347.38
Goa,Taxi,31.64,16,0,10,Hatchback,766.42
Delhi,Taxi,8.84,8,6,8,Hatchback,243.42
Delhi,Taxi,9.6,4,0,4,Hatchback,287.56
Bengaluru,Taxi,20.88,4,0,5,SUV,925.57
Pune,Auto,11.6,21,4,5,Standard,164.46
Mumbai,Taxi,38.33,3,1,5,SUV,1376.22
Nagpur,Taxi,20.38,16,0,3,SUV,518.06
Delhi,Auto,1.06,6,1,2,Standard,48.27
Jaipur,Auto,28.15,8,4,4,Standard,306.43
Jaipur,Auto,15.82,19,1,4,Standard,171.35
Goa,Auto,19.38,7,4,6,Standard,332.15
Bengaluru,Taxi,3.97,18,1,4,SUV,211.74
Mumbai,Taxi,17.08,23,0,2,Hatchback,491.06
Pune,Auto,9.61,6,1,6,Standard,120.84
Delhi,Taxi,16.96,8,5,10,SUV,611.05
Nagpur,Taxi,37.02,19,0,2,Hatchback,575.04
Goa,Taxi,19.56,8,4,3,Sedan,580.1
Jaipur,Taxi,32.87,6,6,7,Hatchback,589.69
Mumbai,Taxi,23.73,18,2,1,SUV,772.03
Delhi,Auto,22.7,5,0,12,Standard,275.9
Jaipur,Taxi,11.74,5,6,3,SUV,309.0
Mumbai,Taxi,33.26,6,1,5,Sedan,784.28
Jaipur,Auto,25.13,1,0,12,Standard,324.27
Nagpur,Auto,33.56,13,1,12,Standard,291.87
Nagpur,Auto,1.3,11,0,9,Standard,32.92
Goa,Auto,4.31,5,1,2,Standard,97.79
Mumbai,Auto,28.29,5,2,12,Standard,411.42
Pune,Auto,7.14,19,4,11,Standard,108.84
Bengaluru,Auto,24.83,14,2,6,Standard,373.73
Nagpur,Taxi,16.83,12,6,9,Sedan,304.48
Mumbai,Taxi,5.94,1,1,12,SUV,323.75
Goa,Taxi,19.69,20,4,12,SUV,802.32
Nagpur,Taxi,8.01,7,6,3,SUV,212.87
Mumbai,Taxi,22.02,2,2,9,Sedan,659.22
Delhi,Auto,22.41,5,0,7,Standard,301.23
Goa,Taxi,32.31,7,5,11,Sedan,830.81
Nagpur,Auto,17.46,20,4,2,Standard,191.48
Delhi,Auto,27.57,10,0,1,Standard,387.02
Goa,Taxi,27.94,23,0,2,SUV,1291.26
Goa,Taxi,27.83,15,6,2,Sedan,792.26
Pune,Auto,31.71,23,4,1,Standard,450.87
Delhi,Auto,27.21,16,5,5,Standard,400.37
Delhi,Taxi,22.29,4,4,11,Sedan,637.48
Bengaluru,Auto,21.37,2,1,3,Standard,429.78
Delhi,Taxi,15.8,1,4,7,Hatchback,414.1
Mumbai,Taxi,26.82,7,3,6,Sedan,671.36
Mumbai,Auto,21.67,12,3,10,Standard,292.9
Bengaluru,Taxi,20.96,10,2,11,Hatchback,455.9
Delhi,Taxi,15.64,1,4,12,SUV,552.05
Bengaluru,Taxi,9.11,13,4,10,Hatchback,258.85
Pune,Auto,31.12,20,6,9,Standard,355.32
Mumbai,Taxi,32.28,3,6,7,Hatchback,821.55
Pune,Taxi,36.69,23,0,5,SUV,1136.17
Delhi,Taxi,37.99,15,1,9,SUV,1019.16
Jaipur,Taxi,26.26,12,2,4,SUV,575.95
Mumbai,Taxi,16.6,21,2,12,SUV,528.68
Pune,Auto,12.61,0,1,7,Standard,202.88
Nagpur,Auto,9.34,9,6,5,Standard,102.08
Goa,Taxi,12.37,20,3,3,Hatchback,329.42
Goa,Auto,34.78,1,1,7,Standard,783.58
Jaipur,Auto,22.2,5,2,4,Standard,266.58
Jaipur,Taxi,4.3,12,2,7,SUV,164.4
Goa,Auto,31.11,23,0,6,Standard,620.21
Jaipur,Taxi,13.93,4,3,10,Hatchback,286.32
Mumbai,Auto,12.3,20,0,5,Standard,185.93
Nagpur,Taxi,8.58,16,2,10,Hatchback,145.09
Jaipur,Taxi,29.41,4,6,2,Hatchback,483.2
Jaipur,Auto,29.13,3,4,1,Standard,345.93
Nagpur,Taxi,4.57,21,1,8,SUV,136.58
Bengaluru,Auto,2.53,13,6,1,Standard,83.45
Mumbai,Auto,39.67,3,3,9,Standard,729.34
Goa,Taxi,36.55,6,6,1,Sedan,1156.21
Mumbai,Taxi,31.37,3,4,3,Hatchback,875.79
Pune,Taxi,27.85,10,3,11,Sedan,578.14
Delhi,Auto,38.45,13,0,10,Standard,515.77
Bengaluru,Auto,6.22,1,0,5,Standard,151.53
Goa,Taxi,25.93,18,2,2,SUV,978.77
Nagpur,Taxi,21.67,10,6,1,Hatchback,352.14
Goa,Auto,7.65,23,1,4,Standard,208.99
Pune,Taxi,10.37,8,2,6,Sedan,232.02
Mumbai,Auto,28.12,23,2,3,Standard,490.93
Bengaluru,Taxi,25.59,10,1,8,Hatchback,675.14
Bengaluru,Auto,21.25,3,0,12,Standard,361.4
Goa,Taxi,37.81,1,4,4,Sedan,1275.9
Bengaluru,Taxi,16.07,21,3,2,Sedan,431.25
Jaipur,Taxi,38.16,6,2,6,Sedan,632.87
Goa,Auto,18.01,3,3,11,Standard,439.63
Bengaluru,Taxi,9.22,16,6,5,SUV,385.39
Mumbai,Taxi,12.86,17,0,9,Sedan,382.85
Goa,Taxi,12.64,15,6,11,Hatchback,400.9
Jaipur,Taxi,2.8,7,5,6,Hatchback,87.19
Mumbai,Taxi,27.01,14,5,12,Sedan,607.48
Goa,Taxi,15.36,18,4,12,SUV,548.89
Delhi,Auto,37.46,22,3,5,Standard,615.15
Nagpur,Auto,30.9,18,6,7,Standard,345.34
Jaipur,Auto,4.5,16,2,3,Standard,70.79
Delhi,Auto,6.73,18,0,5,Standard,100.69
Pune,Auto,38.18,6,0,3,Standard,478.35
Goa,Taxi,31.44,13,3,10,Hatchback,781.47
Mumbai,Auto,39.61,15,1,7,Standard,577.66
Bengaluru,Auto,26.04,5,5,4,Standard,414.8
Jaipur,Taxi,24.66,10,5,11,SUV,638.39
Delhi,Taxi,6.4,17,6,1,SUV,280.32
Delhi,Taxi,38.44,21,0,3,Hatchback,813.0
Pune,Auto,2.17,4,3,10,Standard,65.33
Pune,Taxi,26.78,2,6,9,Hatchback,561.88
Bengaluru,Auto,25.58,6,0,9,Standard,405.59
Bengaluru,Taxi,33.39,4,6,4,SUV,1516.41
Delhi,Auto,10.83,6,6,5,Standard,166.95
Nagpur,Taxi,32.06,9,6,9,SUV,697.95
Mumbai,Taxi,19.66,7,0,1,Sedan,512.34
Pune,Auto,36.39,12,0,1,Standard,384.11
Goa,Auto,3.93,21,1,10,Standard,96.95
Goa,Taxi,37.87,12,4,1,Sedan,1044.1
Delhi,Taxi,25.56,2,6,12,Hatchback,640.15
Bengaluru,Auto,34.65,16,1,10,Standard,595.99
Jaipur,Auto,2.96,11,1,11,Standard,52.49
Mumbai,Auto,18.27,9,3,3,Standard,247.77
Bengaluru,Taxi,16.73,13,5,3,SUV,676.58
Delhi,Taxi,32.15,23,6,8,SUV,1303.55
Goa,Auto,37.0,5,4,12,Standard,658.97
Mumbai,Auto,16.49,16,5,9,Standard,251.19
Nagpur,Taxi,18.7,2,1,6,Sedan,340.52
Nagpur,Taxi,36.72,12,0,8,Hatchback,537.42
Mumbai,Auto,8.99,5,5,2,Standard,145.98
Nagpur,Taxi,5.39,13,1,9,Hatchback,121.28
Delhi,Taxi,20.33,18,2,7,Hatchback,377.68
Nagpur,Auto,35.76,17,2,5,Standard,326.3
Mumbai,Taxi,13.6,4,6,7,SUV,580.79
Mumbai,Taxi,11.74,1,1,8,Hatchback,319.4
Delhi,Taxi,19.35,3,1,8,Hatchback,526.0
Bengaluru,Taxi,3.93,5,5,2,Sedan,182.47
Goa,Taxi,25.5,8,4,7,Sedan,651.74
Pune,Auto,31.59,21,4,8,Standard,347.46
Bengaluru,Taxi,10.48,3,6,9,SUV,476.0
Jaipur,Auto,2.14,7,4,8,Standard,52.79
Mumbai,Auto,16.71,3,3,8,Standard,322.67
Bengaluru,Auto,36.11,16,6,3,Standard,637.66
Mumbai,Auto,15.67,4,0,11,Standard,315.24
Nagpur,Taxi,14.62,21,1,2,SUV,391.4
Jaipur,Auto,31.31,17,3,2,Standard,342.26
Bengaluru,Taxi,3.84,20,6,3,SUV,199.93
Pune,Taxi,23.15,14,6,10,Hatchback,489.18
Pune,Auto,17.77,19,4,5,Standard,237.01
Goa,Taxi,5.95,1,6,6,Sedan,319.98
Pune,Taxi,33.83,13,5,10,SUV,982.64
Delhi,Auto,12.63,19,2,12,Standard,189.42
Pune,Taxi,4.28,11,3,11,SUV,173.38
Bengaluru,Taxi,26.54,2,2,3,SUV,1020.56
Pune,Auto,16.23,6,4,11,Standard,189.85
Pune,Auto,15.84,2,4,2,Standard,243.41
Jaipur,Auto,24.81,15,3,9,Standard,242.9
Pune,Auto,29.02,4,6,3,Standard,396.77
Pune,Taxi,39.77,1,6,11,Hatchback,838.72
Jaipur,Taxi,26.1,21,5,4,Hatchback,423.38
Jaipur,Auto,26.88,11,6,7,Standard,290.75
Pune,Auto,23.2,0,5,2,Standard,311.78
Pune,Taxi,14.36,11,2,5,SUV,384.72
Pune,Auto,24.15,6,1,6,Standard,313.61
Pune,Auto,25.89,20,1,11,Standard,312.04
Pune,Auto,33.38,7,6,4,Standard,414.57
Pune,Taxi,16.79,8,0,11,Hatchback,330.73
Delhi,Taxi,30.7,23,3,3,SUV,1241.1
Delhi,Auto,38.78,5,3,10,Standard,465.07
Jaipur,Taxi,21.66,21,2,2,Hatchback,329.02
Pune,Taxi,28.71,11,2,1,SUV,848.09
Bengaluru,Auto,38.03,17,2,1,Standard,602.1
Goa,Auto,33.17,7,0,4,Standard,514.51
Pune,Taxi,35.86,18,0,2,SUV,1032.16
Pune,Auto,2.83,16,6,12,Standard,61.05
Nagpur,Auto,4.35,11,1,7,Standard,60.23
Delhi,Auto,5.19,10,1,2,Standard,88.8
Nagpur,Auto,32.88,15,5,9,Standard,303.46
Goa,Auto,34.21,1,0,10,Standard,681.12
Goa,Taxi,34.71,3,2,2,SUV,1462.16
Delhi,Taxi,15.93,16,0,12,Hatchback,343.64
Bengaluru,Taxi,29.57,4,6,8,SUV,1113.32
Delhi,Taxi,33.94,16,4,6,Sedan,716.58
Nagpur,Auto,17.23,10,6,10,Standard,188.31
Goa,Auto,11.9,5,1,8,Standard,231.41
Pune,Auto,22.11,10,5,10,Standard,276.94
Delhi,Auto,7.93,4,2,10,Standard,175.98
Mumbai,Auto,1.99,0,0,1,Standard,68.55
Delhi,Auto,23.87,7,0,4,Standard,291.16
Goa,Taxi,34.87,2,1,1,Hatchback,1055.3
Bengaluru,Taxi,8.96,20,3,9,SUV,399.66
Jaipur,Taxi,12.83,16,4,10,Hatchback,218.93
Pune,Auto,20.48,22,1,7,Standard,285.33
Jaipur,Auto,26.08,4,5,1,Standard,291.89
Goa,Taxi,12.23,2,4,4,Hatchback,471.85
Nagpur,Taxi,6.22,2,1,4,SUV,203.01
Goa,Taxi,12.89,2,0,7,SUV,727.77
Mumbai,Taxi,11.23,5,1,12,Hatchback,279.85
Delhi,Taxi,7.44,15,3,9,SUV,288.74
Jaipur,Auto,31.69,11,3,8,Standard,316.98
Jaipur,Auto,19.87,12,1,10,Standard,240.86
Delhi,Taxi,4.52,21,5,8,SUV,200.29
Jaipur,Taxi,4.99,1,4,3,SUV,195.1
Mumbai,Auto,3.47,21,1,4,Standard,80.68
Jaipur,Taxi,26.56,5,6,1,SUV,638.32
Nagpur,Taxi,38.25,19,1,12,SUV,811.05
Nagpur,Taxi,17.66,10,5,10,SUV,388.15
Delhi,Taxi,22.48,7,1,6,SUV,706.28
Jaipur,Taxi,34.37,17,1,6,SUV,813.93
Delhi,Auto,5.76,23,5,8,Standard,141.66
Bengaluru,Taxi,32.52,9,1,1,Sedan,859.9
Delhi,Auto,24.84,23,0,3,Standard,452.91
Pune,Auto,8.28,5,3,2,Standard,109.74
Delhi,Taxi,36.14,14,6,9,SUV,1211.2
Jaipur,Taxi,20.12,10,1,10,Sedan,406.66
Pune,Taxi,6.82,21,6,2,Sedan,165.5
Delhi,Auto,22.37,5,0,1,Standard,284.46
Pune,Auto,21.23,16,6,10,Standard,268.22
Jaipur,Taxi,29.86,22,2,11,SUV,778.97
Nagpur,Taxi,21.86,1,6,1,SUV,532.62
Delhi,Auto,36.98,20,0,10,Standard,517.4
Pune,Auto,18.95,11,6,3,Standard,273.25
Goa,Taxi,31.38,20,4,3,Sedan,911.76
Jaipur,Auto,4.61,6,3,5,Standard,73.89
Jaipur,Taxi,24.87,6,0,10,Sedan,433.95
Bengaluru,Taxi,27.78,15,0,10,Sedan,813.8
Nagpur,Auto,25.7,23,1,2,Standard,261.1
Mumbai,Auto,19.2,21,1,1,Standard,262.71
Goa,Taxi,5.4,12,0,3,Sedan,225.33
Mumbai,Taxi,29.15,14,1,12,SUV,911.07
Jaipur,Auto,8.72,19,5,12,Standard,108.27
Delhi,Taxi,15.83,6,4,1,Hatchback,347.31
Bengaluru,Auto,6.84,9,1,2,Standard,123.97
Mumbai,Auto,36.96,0,4,11,Standard,602.49
Nagpur,Taxi,12.18,4,0,10,SUV,306.39
Goa,Auto,29.14,2,6,12,Standard,691.01
Mumbai,Taxi,27.01,19,2,3,SUV,942.38
Pune,Auto,31.28,7,3,2,Standard,336.21
Nagpur,Auto,22.44,17,2,7,Standard,215.49
Nagpur,Taxi,11.11,2,5,3,Sedan,211.51
Bengaluru,Taxi,5.8,19,1,8,Hatchback,171.91
Bengaluru,Auto,7.49,19,0,8,Standard,154.57
Mumbai,Auto,34.62,0,3,4,Standard,539.05
Goa,Auto,14.35,8,6,3,Standard,291.36
Jaipur,Taxi,28.35,9,0,4,Sedan,445.79
Mumbai,Auto,38.31,18,6,11,Standard,562.15
Bengaluru,Auto,15.46,18,5,6,Standard,266.26
Bengaluru,Taxi,10.8,3,1,5,Sedan,369.41
Mumbai,Taxi,22.64,3,6,9,Sedan,639.5
Nagpur,Taxi,31.91,17,1,2,SUV,691.66
Delhi,Taxi,7.31,16,0,9,Hatchback,159.92
Mumbai,Auto,5.19,18,0,12,Standard,94.68
Delhi,Taxi,4.29,16,0,7,Hatchback,125.29
Nagpur,Taxi,28.79,10,0,1,Hatchback,456.57
Delhi,Auto,20.19,6,6,7,Standard,266.5
Jaipur,Taxi,1.68,13,1,6,Sedan,72.43
Pune,Auto,17.61,13,4,5,Standard,219.99
Nagpur,Taxi,1.21,6,5,4,SUV,84.54
Nagpur,Auto,33.69,12,3,3,Standard,294.14
Pune,Taxi,10.38,4,5,8,SUV,341.51
Mumbai,Auto,17.18,3,2,6,Standard,324.93
Mumbai,Taxi,2.97,18,3,11,Sedan,124.36
Delhi,Taxi,30.21,8,4,4,Sedan,666.14
Pune,Taxi,22.95,22,6,12,SUV,778.66
Delhi,Taxi,10.72,22,0,6,Hatchback,323.77
Mumbai,Auto,32.51,9,5,10,Standard,526.1
Bengaluru,Auto,26.27,6,3,10,Standard,411.18
Mumbai,Auto,24.52,23,2,2,Standard,422.37
Bengaluru,Taxi,9.44,9,0,8,Sedan,290.15
Delhi,Taxi,33.41,10,3,3,Sedan,673.03
Jaipur,Auto,39.83,14,6,1,Standard,385.17
Goa,Auto,35.45,21,1,1,Standard,534.41
Mumbai,Auto,5.12,13,0,3,Standard,107.58
Jaipur,Taxi,32.33,20,2,2,SUV,822.77
Pune,Taxi,15.41,22,6,10,Sedan,402.1
Pune,Auto,36.0,2,3,1,Standard,508.32
Pune,Auto,32.8,2,4,7,Standard,483.68
Delhi,Taxi,30.56,14,2,9,Sedan,668.3
Nagpur,Auto,18.07,0,4,3,Standard,183.7
Mumbai,Auto,17.33,10,3,11,Standard,238.94
Goa,Taxi,15.83,2,2,10,Sedan,591.41
Goa,Taxi,20.93,15,5,10,Sedan,588.59
Nagpur,Auto,19.07,12,4,11,Standard,215.83
Bengaluru,Taxi,2.68,11,1,12,Hatchback,105.72
Goa,Taxi,17.52,11,3,1,SUV,684.87
Pune,Taxi,20.01,21,6,12,Sedan,436.19
Nagpur,Auto,14.81,14,4,11,Standard,163.71
Bengaluru,Taxi,25.96,19,3,12,Hatchback,639.99
Goa,Auto,22.33,23,2,10,Standard,481.72
Delhi,Auto,6.92,14,0,3,Standard,117.73
Mumbai,Auto,7.23,11,4,4,Standard,141.7
Bengaluru,Auto,1.01,18,6,4,Standard,53.06
Bengaluru,Taxi,2.6,13,1,5,SUV,167.66
Nagpur,Auto,17.57,19,6,2,Standard,172.38
Mumbai,Taxi,23.87,23,1,6,Sedan,729.33
Pune,Taxi,28.87,3,1,4,Sedan,651.2
Bengaluru,Taxi,8.28,7,0,5,Hatchback,227.16
Pune,Taxi,13.97,22,0,3,Hatchback,301.55
Delhi,Auto,6.64,3,4,2,Standard,138.45
Jaipur,Taxi,28.18,8,0,10,Sedan,485.93
Goa,Taxi,30.47,15,5,2,Hatchback,837.39
Nagpur,Auto,22.32,23,0,7,Standard,245.1
Pune,Taxi,11.59,14,2,7,Sedan,259.67
Mumbai,Taxi,25.28,12,5,7,Hatchback,644.76
Pune,Auto,28.26,18,3,12,Standard,344.74
Bengaluru,Auto,23.12,22,6,2,Standard,430.49
Pune,Auto,32.34,1,0,2,Standard,448.06
Jaipur,Taxi,33.95,15,2,4,Sedan,616.01
Bengaluru,Taxi,5.42,15,0,7,Hatchback,183.27
Mumbai,Taxi,21.97,17,6,7,SUV,716.05
Delhi,Taxi,39.06,20,1,2,Hatchback,755.23
Delhi,Auto,24.38,12,3,1,Standard,290.33
Pune,Auto,12.65,18,2,3,Standard,148.5
Bengaluru,Auto,31.64,23,6,9,Standard,613.5
Bengaluru,Auto,2.95,13,2,3,Standard,71.98
Goa,Auto,17.52,11,3,8,Standard,293.09
Mumbai,Auto,30.95,7,1,9,Standard,477.11
Mumbai,Auto,10.46,11,2,7,Standard,189.78
Goa,Taxi,8.19,13,2,12,SUV,352.15
Mumbai,Auto,24.54,11,1,1,Standard,317.53
Jaipur,Auto,34.37,3,1,3,Standard,373.25
Goa,Auto,38.61,15,5,11,Standard,648.13
Bengaluru,Taxi,24.92,12,0,2,Hatchback,536.48
Delhi,Taxi,15.53,16,6,5,Sedan,386.96
Pune,Auto,1.24,17,0,2,Standard,43.13
Pune,Auto,28.73,17,1,4,Standard,370.88
Nagpur,Auto,37.3,0,6,5,Standard,410.08
Jaipur,Auto,34.26,20,6,7,Standard,335.68
Jaipur,Taxi,3.09,16,2,4,Sedan,99.78
Bengaluru,Auto,17.77,22,4,12,Standard,329.83
Goa,Taxi,22.61,20,1,6,Hatchback,638.05
Pune,Taxi,5.99,21,4,12,Hatchback,150.6
Pune,Auto,15.12,8,0,1,Standard,201.45
Bengaluru,Auto,26.46,9,5,8,Standard,423.94
Nagpur,Taxi,5.34,6,1,12,Sedan,134.07
Delhi,Auto,18.58,12,6,4,Standard,252.17
Delhi,Taxi,7.62,6,6,9,Hatchback,197.82
Jaipur,Taxi,36.01,11,5,1,Sedan,676.49
Mumbai,Taxi,31.58,7,6,1,SUV,1006.95
Jaipur,Taxi,16.08,7,2,12,Sedan,305.57
Goa,Taxi,25.34,7,2,4,Hatchback,691.06
Mumbai,Taxi,31.73,23,0,9,SUV,1101.06
Goa,Auto,19.49,9,4,2,Standard,361.84
Delhi,Taxi,10.91,21,2,5,Hatchback,231.83
Mumbai,Taxi,35.28,22,0,8,SUV,1387.99
Nagpur,Auto,1.61,21,5,12,Standard,42.06
Nagpur,Taxi,21.93,16,4,11,Sedan,347.3
Pune,Auto,39.54,16,4,3,Standard,499.24
Goa,Taxi,39.74,10,3,10,Hatchback,1003.8
Goa,Auto,11.7,14,5,3,Standard,214.88
Nagpur,Taxi,34.61,19,4,12,Sedan,621.35
Jaipur,Auto,11.44,6,6,9,Standard,148.79
Pune,Auto,21.34,7,4,2,Standard,238.65
Mumbai,Auto,16.28,5,4,4,Standard,280.0
Pune,Taxi,23.54,6,1,3,SUV,581.37
Goa,Taxi,8.22,5,0,1,Sedan,246.61
Pune,Auto,17.92,3,0,1,Standard,257.56
Jaipur,Auto,5.75,17,0,5,Standard,76.07
Bengaluru,Taxi,3.41,23,1,9,Hatchback,144.3
Delhi,Taxi,37.79,18,4,1,SUV,1169.76
Delhi,Auto,8.6,9,3,10,Standard,130.2
Jaipur,Taxi,1.14,23,6,1,Sedan,72.29
Goa,Auto,1.14,8,2,12,Standard,60.35
Bengaluru,Taxi,1.76,22,0,7,Hatchback,109.2
Jaipur,Auto,11.48,2,0,11,Standard,147.05
Delhi,Auto,28.65,22,6,4,Standard,552.33
Mumbai,Auto,4.92,19,6,10,Standard,100.11
Pune,Auto,21.39,0,2,9,Standard,318.91
Bengaluru,Auto,12.47,4,3,9,Standard,264.96
Pune,Auto,16.15,14,6,1,Standard,216.08
Pune,Auto,19.43,21,5,11,Standard,250.95
Pune,Taxi,2.19,18,3,3,Hatchback,77.83
Goa,Taxi,18.72,12,0,12,SUV,742.81
Nagpur,Taxi,6.18,22,6,6,Sedan,151.6
Jaipur,Taxi,1.57,2,4,1,Hatchback,73.77
Pune,Auto,37.69,14,2,6,Standard,438.15
Mumbai,Auto,18.82,22,0,11,Standard,361.62
Bengaluru,Auto,24.48,2,0,9,Standard,468.93
Goa,Taxi,4.58,22,4,7,Hatchback,238.66
Bengaluru,Auto,7.35,19,3,6,Standard,145.27
Mumbai,Auto,32.64,8,5,12,Standard,474.48
Nagpur,Taxi,14.52,9,2,8,SUV,375.88
Mumbai,Auto,31.4,4,0,10,Standard,494.07
Goa,Auto,33.39,22,4,1,Standard,779.91
Mumbai,Taxi,16.57,22,2,7,SUV,650.63
Mumbai,Auto,9.24,4,2,8,Standard,211.94
Pune,Taxi,24.83,23,6,5,SUV,713.85
Mumbai,Auto,7.28,8,5,8,Standard,130.06
Nagpur,Auto,16.19,17,6,6,Standard,157.08
Mumbai,Taxi,37.78,20,5,1,Hatchback,759.58
Pune,Auto,24.81,14,6,2,Standard,348.96
Jaipur,Taxi,8.25,2,5,1,Hatchback,194.76
Nagpur,Auto,33.01,4,1,1,Standard,313.6
Mumbai,Auto,27.54,0,3,5,Standard,526.16
Goa,Taxi,23.39,9,4,12,SUV,847.26
Delhi,Taxi,6.49,18,4,8,SUV,244.28
Pune,Taxi,14.44,19,2,5,Hatchback,309.49
Goa,Taxi,33.62,2,4,12,Hatchback,1069.04
Nagpur,Auto,32.39,17,0,4,Standard,345.93
Jaipur,Taxi,11.05,1,1,6,Sedan,260.06
Jaipur,Auto,27.7,2,3,5,Standard,300.04
Goa,Auto,10.99,7,2,3,Standard,202.91
Mumbai,Auto,39.18,13,0,12,Standard,543.79
Nagpur,Taxi,39.86,9,4,9,SUV,798.18
Delhi,Taxi,32.21,12,6,11,Hatchback,735.12
Delhi,Auto,22.07,10,2,1,Standard,293.95
Bengaluru,Auto,16.35,14,4,6,Standard,264.72
Delhi,Auto,9.03,5,5,1,Standard,151.78
Pune,Auto,5.18,15,5,12,Standard,86.11
Mumbai,Taxi,4.89,2,0,8,Sedan,214.56
Bengaluru,Taxi,39.46,0,1,6,SUV,1686.37
Jaipur,Auto,3.11,22,1,3,Standard,64.55
Bengaluru,Auto,13.29,8,5,2,Standard,252.49
Mumbai,Taxi,6.27,14,2,10,SUV,258.07
Mumbai,Taxi,34.54,22,0,2,Sedan,941.24
Delhi,Taxi,37.29,11,6,11,SUV,1185.91
Pune,Auto,25.71,19,2,1,Standard,303.09
Mumbai,Auto,30.83,22,1,3,Standard,526.92
Pune,Taxi,28.62,18,5,6,Hatchback,552.52
Nagpur,Taxi,1.38,12,2,11,Sedan,62.48
Delhi,Taxi,27.91,18,0,1,Sedan,580.45
Nagpur,Taxi,17.71,16,4,12,Sedan,340.3
Delhi,Taxi,22.17,20,4,2,Sedan,552.87
Jaipur,Auto,38.43,11,2,4,Standard,434.82
Jaipur,Auto,2.78,12,0,1,Standard,48.01
Bengaluru,Taxi,1.75,18,3,9,SUV,129.15
Pune,Auto,19.62,1,6,12,Standard,319.81
Bengaluru,Auto,28.95,6,5,4,Standard,486.75
Delhi,Auto,34.61,0,0,7,Standard,559.16
Bengaluru,Taxi,13.8,6,1,11,Hatchback,343.57
Mumbai,Taxi,9.29,12,2,5,Hatchback,216.81
Bengaluru,Taxi,5.12,17,2,3,Hatchback,172.42
Jaipur,Taxi,37.93,22,6,3,SUV,947.85
Nagpur,Auto,34.38,2,0,12,Standard,392.06
Pune,Taxi,35.91,13,6,11,SUV,879.66
Nagpur,Taxi,30.81,17,4,7,SUV,679.6
Nagpur,Taxi,35.57,3,0,7,Sedan,614.64
Nagpur,Taxi,37.17,9,5,6,SUV,940.07
Bengaluru,Auto,13.61,18,6,3,Standard,222.32
Pune,Auto,7.53,1,1,4,Standard,125.54
Goa,Taxi,35.51,4,3,6,Sedan,1201.36
Nagpur,Taxi,19.02,14,0,12,Hatchback,299.5
Mumbai,Auto,4.54,11,6,3,Standard,94.09
Goa,Taxi,8.37,22,1,2,Sedan,375.84
Pune,Taxi,14.75,16,6,2,Sedan,333.04
Bengaluru,Taxi,15.28,3,3,2,SUV,714.13
Pune,Auto,21.89,10,4,9,Standard,239.66
Pune,Auto,27.92,15,1,12,Standard,346.71
Bengaluru,Taxi,2.96,10,1,8,SUV,185.2
Goa,Taxi,22.35,12,4,3,Sedan,630.04
Pune,Auto,32.34,8,2,5,Standard,412.61
Jaipur,Taxi,6.39,23,6,8,SUV,210.99
Mumbai,Taxi,9.34,9,4,3,SUV,369.17
Goa,Taxi,26.84,4,0,5,Sedan,868.21
Delhi,Auto,26.54,23,1,12,Standard,477.34
Jaipur,Taxi,17.44,11,4,10,Sedan,340.41
Jaipur,Taxi,5.93,20,5,1,SUV,180.56
Jaipur,Taxi,11.8,22,5,3,Sedan,251.83
Nagpur,Taxi,18.12,11,6,3,SUV,462.71
Mumbai,Taxi,29.0,1,6,3,Hatchback,792.17
Bengaluru,Auto,16.88,12,1,1,Standard,294.41
Goa,Taxi,28.89,19,1,8,Hatchback,705.65
Delhi,Auto,24.83,7,1,2,Standard,345.56
Jaipur,Taxi,4.5,21,6,11,SUV,184.88
Mumbai,Auto,15.75,19,0,3,Standard,248.7
Pune,Taxi,37.82,0,2,4,Sedan,909.38
Jaipur,Auto,25.18,12,1,3,Standard,273.08
Goa,Taxi,17.37,0,4,1,Sedan,634.58
Pune,Auto,33.82,12,3,1,Standard,384.17
Jaipur,Auto,4.28,16,6,7,Standard,69.13
Mumbai,Auto,31.37,8,2,11,Standard,399.98
Bengaluru,Auto,27.71,19,6,4,Standard,483.91
Pune,Auto,1.33,20,4,7,Standard,40.82
Nagpur,Taxi,16.03,13,6,2,Sedan,265.39
Nagpur,Auto,31.65,21,1,12,Standard,297.25
Jaipur,Auto,27.27,3,5,9,Standard,361.59
Jaipur,Taxi,29.66,19,5,10,SUV,665.44
Pune,Auto,25.94,23,2,12,Standard,321.12
Pune,Auto,9.6,17,2,4,Standard,146.11
Jaipur,Auto,38.99,5,2,11,Standard,358.7
Pune,Taxi,10.58,6,6,1,Sedan,271.18
Nagpur,Taxi,28.55,11,6,11,Sedan,495.08
Bengaluru,Taxi,39.23,8,2,8,Hatchback,966.39
Bengaluru,Auto,13.9,14,3,10,Standard,251.33
Jaipur,Auto,37.93,11,1,7,Standard,378.99
Bengaluru,Auto,16.08,23,4,9,Standard,302.35
Goa,Taxi,9.14,8,1,2,Hatchback,247.83
Delhi,Auto,21.88,0,4,6,Standard,407.16
Pune,Auto,32.78,5,6,7,Standard,412.51
Delhi,Auto,16.49,14,1,2,Standard,250.47
Nagpur,Taxi,34.93,8,1,4,Hatchback,491.47
Jaipur,Taxi,8.08,3,6,5,Hatchback,161.71
Jaipur,Auto,10.66,5,3,2,Standard,123.16
Delhi,Auto,29.02,1,3,10,Standard,466.56
Jaipur,Auto,5.07,21,0,1,Standard,76.29
Jaipur,Taxi,37.67,11,1,3,Hatchback,643.38
Mumbai,Auto,4.6,17,2,6,Standard,88.74
Delhi,Auto,17.88,16,6,8,Standard,244.95
Goa,Auto,5.38,6,5,3,Standard,140.27
Goa,Taxi,21.63,10,5,3,SUV,808.09
Bengaluru,Auto,6.15,13,3,11,Standard,122.17
Nagpur,Taxi,1.13,8,0,11,Hatchback,55.28
Goa,Auto,32.73,17,0,1,Standard,587.64
Delhi,Auto,2.42,4,3,11,Standard,71.56
Nagpur,Taxi,8.27,14,5,4,Hatchback,140.89
Mumbai,Auto,38.74,22,6,2,Standard,734.25
Nagpur,Auto,20.28,5,0,4,Standard,187.77
Bengaluru,Auto,28.66,16,6,7,Standard,437.41
Jaipur,Taxi,26.15,18,5,11,SUV,712.98
Goa,Taxi,5.99,11,4,6,Hatchback,213.31
Goa,Taxi,6.79,4,5,12,Sedan,348.53
Bengaluru,Taxi,25.02,16,4,10,SUV,828.17
Delhi,Auto,27.96,7,6,6,Standard,361.45
Nagpur,Auto,4.4,11,0,8,Standard,62.03
Mumbai,Auto,20.95,12,4,8,Standard,334.14
Mumbai,Taxi,15.86,3,0,8,Sedan,446.5
Bengaluru,Taxi,26.15,17,1,9,Hatchback,649.93
Jaipur,Taxi,4.5,15,5,11,SUV,163.25
Jaipur,Auto,31.39,15,1,6,Standard,323.82
Delhi,Taxi,9.18,6,5,3,Sedan,228.98
Nagpur,Taxi,5.14,19,2,5,SUV,176.95
Delhi,Taxi,32.81,21,5,3,SUV,930.37
Delhi,Auto,15.7,19,2,4,Standard,214.58
Mumbai,Auto,33.49,20,6,12,Standard,499.42
Goa,Taxi,34.35,3,4,1,Sedan,1141.18
Jaipur,Auto,5.08,7,0,8,Standard,78.84
Nagpur,Auto,26.47,10,1,1,Standard,286.68
Mumbai,Taxi,7.81,21,0,9,Hatchback,222.89
Jaipur,Auto,23.27,23,3,11,Standard,266.53
Mumbai,Auto,31.84,1,2,6,Standard,514.88
Mumbai,Taxi,26.73,11,0,7,SUV,975.11
Delhi,Taxi,23.08,21,2,6,Sedan,507.71
Mumbai,Taxi,29.11,18,1,10,SUV,904.95
Pune,Auto,32.39,1,3,1,Standard,469.41
Mumbai,Auto,17.95,5,5,1,Standard,257.09
Goa,Auto,6.3,21,0,3,Standard,130.19
Nagpur,Taxi,17.77,19,3,8,SUV,417.02
Jaipur,Auto,2.42,16,3,4,Standard,45.1
Bengaluru,Auto,10.02,19,6,3,Standard,175.45
Jaipur,Auto,18.95,10,5,10,Standard,243.79
Pune,Auto,14.74,20,1,11,Standard,197.59
Jaipur,Auto,5.5,2,5,7,Standard,88.38
Nagpur,Taxi,27.21,18,5,6,SUV,586.72
Mumbai,Taxi,7.18,18,0,6,Sedan,235.86
Goa,Auto,32.49,8,2,10,Standard,547.15
Goa,Auto,1.27,1,0,3,Standard,77.86
Pune,Auto,12.94,17,5,7,Standard,178.09
Delhi,Auto,37.01,2,3,4,Standard,580.03
Delhi,Auto,11.02,10,0,1,Standard,161.54
Delhi,Auto,19.34,1,4,12,Standard,322.29
Delhi,Auto,38.55,14,0,2,Standard,541.12
Pune,Auto,23.2,12,1,6,Standard,260.76
Jaipur,Auto,29.04,5,2,6,Standard,277.17
Pune,Taxi,17.13,6,3,5,Hatchback,301.98
Mumbai,Auto,36.73,19,6,9,Standard,591.57
Goa,Auto,14.6,9,3,11,Standard,256.9
Delhi,Auto,35.11,9,5,4,Standard,454.98
Delhi,Taxi,24.87,12,4,10,Hatchback,507.79
Goa,Taxi,37.85,8,2,10,SUV,1355.77
Nagpur,Auto,11.29,16,6,11,Standard,142.55
Jaipur,Taxi,9.76,18,2,9,Sedan,197.3
Pune,Auto,39.54,21,6,9,Standard,496.3
Pune,Auto,10.72,3,0,10,Standard,165.45
Mumbai,Taxi,34.56,1,3,6,Sedan,937.45
Goa,Auto,12.2,22,6,7,Standard,297.58
Bengaluru,Taxi,2.45,0,0,5,Sedan,134.79
Bengaluru,Auto,37.23,4,5,10,Standard,648.36
Mumbai,Taxi,35.99,11,0,3,Sedan,908.77
Nagpur,Auto,34.48,11,4,12,Standard,341.93
Nagpur,Auto,25.49,15,0,9,Standard,280.17
Goa,Taxi,24.77,2,2,12,SUV,1169.13
Delhi,Taxi,28.13,12,3,4,Hatchback,500.43
Nagpur,Auto,35.52,9,1,4,Standard,370.8
Nagpur,Taxi,34.46,6,2,8,Sedan,529.2
Delhi,Auto,26.58,0,2,4,Standard,457.19
Jaipur,Auto,31.48,17,6,1,Standard,306.9
Goa,Auto,23.19,8,3,10,Standard,432.82
Nagpur,Taxi,26.84,15,3,5,SUV,535.05
Delhi,Taxi,12.78,10,0,3,Sedan,290.35
Goa,Auto,7.37,17,4,5,Standard,149.7
Delhi,Taxi,30.31,23,6,3,Hatchback,724.61
Nagpur,Taxi,31.94,0,1,1,SUV,703.23
Bengaluru,Taxi,8.97,0,1,1,Sedan,300.62
Delhi,Auto,18.2,23,5,2,Standard,343.45
Bengaluru,Auto,37.38,0,3,7,Standard,606.82
Bengaluru,Auto,10.72,23,0,3,Standard,210.52
Delhi,Taxi,4.05,5,1,12,Sedan,138.67
Goa,Auto,7.65,0,1,5,Standard,214.37
Goa,Taxi,5.96,9,3,2,Sedan,242.47
Goa,Taxi,18.71,5,1,11,Sedan,576.09
Delhi,Taxi,3.28,23,3,5,Hatchback,140.9
Pune,Auto,33.44,15,5,11,Standard,429.53
Delhi,Auto,5.13,19,6,3,Standard,109.43
Mumbai,Auto,25.95,7,4,8,Standard,347.11
Jaipur,Auto,14.24,2,1,3,Standard,172.15
Mumbai,Auto,16.37,17,2,12,Standard,237.24
Pune,Taxi,19.93,20,1,8,Sedan,415.94
Mumbai,Taxi,6.07,2,0,2,Sedan,233.97
Pune,Taxi,28.18,22,4,7,Sedan,688.09
Jaipur,Taxi,36.74,2,3,1,SUV,1021.63
Bengaluru,Auto,32.12,7,4,3,Standard,483.78
Pune,Auto,7.95,10,5,2,Standard,121.48
Nagpur,Taxi,36.31,12,5,5,Sedan,577.02
Pune,Auto,7.38,11,6,5,Standard,105.5
Mumbai,Auto,15.7,10,5,5,Standard,260.99
Jaipur,Auto,36.44,23,5,1,Standard,455.32
Goa,Taxi,39.07,9,2,8,Sedan,1141.51
Goa,Taxi,20.59,16,3,9,Hatchback,538.81
Delhi,Taxi,19.12,5,0,6,Hatchback,404.42
Bengaluru,Auto,24.87,10,1,11,Standard,392.19
Delhi,Taxi,17.66,21,1,3,Hatchback,406.85
Pune,Auto,10.09,5,3,8,Standard,138.11
Goa,Taxi,36.57,18,1,1,Sedan,964.97
Bengaluru,Auto,6.53,19,1,1,Standard,137.95
Pune,Taxi,24.11,3,0,6,Sedan,613.22
Goa,Auto,2.64,18,2,6,Standard,86.64
Jaipur,Auto,18.0,14,5,12,Standard,225.52
Jaipur,Auto,33.24,23,2,11,Standard,404.83
Nagpur,Taxi,15.7,10,5,5,Hatchback,268.06
Mumbai,Auto,8.59,23,0,4,Standard,185.92
Goa,Taxi,11.63,17,6,4,Sedan,397.37
Nagpur,Taxi,4.26,4,0,3,SUV,164.74
Delhi,Auto,28.74,17,1,7,Standard,381.82
Pune,Auto,12.62,0,0,10,Standard,173.33
Delhi,Auto,16.19,9,6,3,Standard,257.96
Jaipur,Taxi,31.99,5,4,9,Sedan,612.38
Bengaluru,Auto,10.54,10,4,6,Standard,203.41
Bengaluru,Auto,37.88,12,5,5,Standard,654.21
Mumbai,Auto,9.49,21,1,2,Standard,165.55
Jaipur,Auto,7.98,6,1,1,Standard,98.78
Mumbai,Taxi,7.36,8,4,4,Hatchback,213.91
Mumbai,Auto,37.57,18,6,12,Standard,607.56
Mumbai,Auto,6.98,13,4,10,Standard,131.03
Pune,Auto,26.42,16,5,4,Standard,300.18
Pune,Taxi,9.55,13,3,7,Sedan,196.39
Jaipur,Taxi,1.08,0,2,4,SUV,97.99
Pune,Auto,22.21,6,6,2,Standard,249.62
Jaipur,Taxi,32.57,8,1,9,Hatchback,558.32
Pune,Taxi,22.57,5,3,10,Hatchback,378.2
Goa,Taxi,18.59,17,5,7,Sedan,516.21
Bengaluru,Auto,34.45,5,6,9,Standard,628.3
Nagpur,Auto,9.37,15,3,12,Standard,97.5
Delhi,Taxi,38.58,12,1,7,SUV,1103.82
Nagpur,Auto,38.64,3,0,2,Standard,378.5
Jaipur,Taxi,36.1,22,4,3,Sedan,618.97
Pune,Taxi,36.01,14,5,10,Hatchback,695.93
Mumbai,Auto,28.62,23,5,1,Standard,509.61
Bengaluru,Auto,4.7,1,3,11,Standard,129.26
Goa,Taxi,25.76,17,4,2,Sedan,775.06
Goa,Auto,31.04,19,1,8,Standard,520.6
Bengaluru,Taxi,36.81,22,0,6,Hatchback,1092.35
Bengaluru,Taxi,28.02,11,5,8,SUV,964.64
Jaipur,Taxi,33.05,4,5,7,SUV,868.26
Jaipur,Auto,30.79,19,6,6,Standard,344.79
Mumbai,Taxi,18.48,9,4,9,Hatchback,429.29
Nagpur,Auto,9.72,8,5,7,Standard,120.66
Mumbai,Auto,35.58,18,6,10,Standard,470.09
Delhi,Auto,30.83,13,3,10,Standard,450.2
Delhi,Taxi,23.39,12,3,1,Hatchback,477.57
Pune,Auto,27.75,15,2,9,Standard,317.98
Pune,Auto,11.76,16,1,10,Standard,168.39
Goa,Auto,17.03,7,2,8,Standard,298.81
Jaipur,Auto,16.55,18,4,9,Standard,168.34
Bengaluru,Auto,11.34,10,0,10,Standard,186.11
Jaipur,Auto,13.74,5,0,1,Standard,146.09
Nagpur,Auto,16.47,9,4,10,Standard,188.84
Mumbai,Taxi,21.85,8,2,9,Hatchback,440.42
Nagpur,Taxi,35.21,18,4,4,SUV,836.02
Goa,Taxi,19.82,21,6,9,Hatchback,540.95
Pune,Auto,33.5,23,0,9,Standard,434.09
Goa,Taxi,6.83,14,6,6,Sedan,277.98
Mumbai,Taxi,2.79,11,5,7,Sedan,135.39
Bengaluru,Taxi,35.66,19,2,11,SUV,1154.61
Delhi,Auto,4.79,8,6,10,Standard,87.97
Bengaluru,Auto,18.5,1,4,8,Standard,386.1
Mumbai,Taxi,19.41,13,5,1,SUV,612.68
Jaipur,Taxi,15.52,22,0,1,Hatchback,271.63
Delhi,Auto,6.13,19,0,7,Standard,106.15
Jaipur,Auto,22.79,12,6,6,Standard,237.31
Mumbai,Auto,31.71,4,0,6,Standard,599.18
Pune,Auto,6.34,13,6,3,Standard,95.56
Goa,Taxi,24.75,10,1,4,Sedan,760.14
Jaipur,Auto,31.93,8,3,5,Standard,331.96
Bengaluru,Auto,27.7,10,2,10,Standard,408.75
Bengaluru,Auto,4.76,7,4,4,Standard,102.71
Bengaluru,Taxi,12.21,23,2,4,Sedan,372.38
Jaipur,Taxi,29.9,12,1,11,Sedan,483.81
Mumbai,Taxi,31.39,7,6,11,SUV,972.84
Bengaluru,Auto,17.6,8,4,11,Standard,295.64
Nagpur,Auto,28.78,10,4,6,Standard,260.67
Pune,Auto,27.57,11,1,12,Standard,356.01
Mumbai,Auto,39.12,10,3,6,Standard,567.62
Bengaluru,Taxi,14.1,1,4,11,Sedan,413.49
Delhi,Taxi,18.48,9,2,8,Hatchback,357.41
Delhi,Taxi,31.12,9,3,9,Hatchback,643.58
Goa,Auto,33.5,14,0,6,Standard,555.03
Jaipur,Auto,11.14,19,1,1,Standard,128.59
Bengaluru,Taxi,8.61,16,1,7,Sedan,244.46
Goa,Taxi,8.84,20,4,10,SUV,438.14
Bengaluru,Taxi,19.5,17,1,9,SUV,645.0
Goa,Taxi,22.19,6,0,5,Hatchback,606.43
Bengaluru,Taxi,27.69,10,1,2,Hatchback,647.96
Delhi,Auto,33.44,6,2,12,Standard,405.77
Goa,Taxi,20.96,3,2,7,Sedan,806.59
Nagpur,Auto,34.9,15,0,12,Standard,336.41
Jaipur,Auto,24.11,12,4,2,Standard,288.66
Nagpur,Taxi,6.33,19,4,5,Hatchback,132.78
Jaipur,Auto,38.9,10,0,10,Standard,408.85
Pune,Taxi,2.44,1,4,10,SUV,147.7
Bengaluru,Taxi,1.66,7,6,11,SUV,156.06
Nagpur,Taxi,4.31,19,3,11,SUV,142.03
Delhi,Taxi,12.5,8,5,9,SUV,461.03
Delhi,Auto,18.08,17,2,8,Standard,239.68
Jaipur,Auto,37.87,23,0,10,Standard,383.35
Nagpur,Taxi,30.06,14,5,9,Hatchback,476.06
Jaipur,Taxi,12.67,17,1,11,Sedan,254.17
Goa,Auto,19.02,10,6,10,Standard,346.07
Delhi,Auto,31.81,6,3,8,Standard,440.65
Nagpur,Auto,4.24,23,1,11,Standard,60.66
Pune,Auto,34.11,3,6,2,Standard,490.07
Pune,Auto,11.73,10,4,1,Standard,171.26
Mumbai,Taxi,18.37,18,0,6,Sedan,443.6
Pune,Auto,23.82,7,6,6,Standard,271.9
Goa,Auto,30.43,14,5,1,Standard,557.14
Jaipur,Auto,5.93,12,0,12,Standard,88.85
Mumbai,Taxi,4.11,7,6,9,SUV,194.06
Pune,Auto,6.24,10,2,2,Standard,91.39
Bengaluru,Taxi,3.3,16,2,9,SUV,208.57
Goa,Taxi,12.05,1,1,5,Sedan,449.29
Bengaluru,Taxi,3.72,10,5,9,Hatchback,145.66
Bengaluru,Auto,36.69,2,1,12,Standard,628.74
Jaipur,Auto,9.15,7,6,10,Standard,107.86
Mumbai,Auto,39.04,13,0,6,Standard,568.91
Delhi,Auto,4.35,10,6,7,Standard,96.34
Nagpur,Auto,14.93,3,0,7,Standard,165.43
Bengaluru,Taxi,6.23,16,1,8,SUV,288.64
Bengaluru,Taxi,22.24,13,6,11,Sedan,610.32
Mumbai,Auto,12.5,16,0,7,Standard,215.82
Delhi,Taxi,27.64,2,0,2,SUV,1056.05
Jaipur,Auto,25.75,6,2,9,Standard,298.69
Jaipur,Auto,33.3,1,2,2,Standard,339.02
Jaipur,Taxi,20.13,6,0,5,Sedan,335.6
Bengaluru,Taxi,6.24,16,6,2,Hatchback,191.42
Delhi,Auto,5.53,18,1,10,Standard,95.0
Nagpur,Taxi,17.06,1,3,8,SUV,429.09
Jaipur,Taxi,7.77,16,4,5,SUV,252.64
Pune,Auto,34.98,11,0,12,Standard,382.06
Goa,Auto,6.3,15,0,8,Standard,128.83
Nagpur,Taxi,38.75,17,4,2,SUV,896.83
Goa,Auto,31.25,1,1,5,Standard,735.22
Pune,Taxi,20.24,17,3,8,SUV,579.72
Delhi,Taxi,10.13,12,2,8,SUV,343.55
Goa,Auto,10.07,0,4,1,Standard,258.35
Mumbai,Auto,20.99,20,6,7,Standard,365.75
Nagpur,Taxi,6.2,8,6,3,Hatchback,139.86
Delhi,Taxi,34.05,7,0,10,SUV,882.68
Jaipur,Auto,19.01,0,2,5,Standard,206.46
Mumbai,Auto,4.89,6,1,5,Standard,97.44
Goa,Taxi,26.09,1,4,8,SUV,1332.83
Delhi,Taxi,37.02,4,6,5,SUV,1424.23
Bengaluru,Taxi,29.48,17,3,3,SUV,1104.08
Delhi,Auto,8.15,11,0,8,Standard,141.54
Goa,Taxi,12.29,8,6,12,Sedan,409.96
Nagpur,Taxi,4.89,17,6,10,Hatchback,95.59
Nagpur,Auto,21.51,3,5,7,Standard,234.13
Bengaluru,Taxi,22.3,14,5,11,Sedan,580.27
Nagpur,Taxi,24.19,7,3,7,Sedan,424.26
Mumbai,Auto,16.96,17,4,1,Standard,229.31
Bengaluru,Auto,2.17,3,3,4,Standard,73.74
Goa,Taxi,32.14,6,4,8,Sedan,787.44
Goa,Taxi,18.61,5,0,2,SUV,671.29
Goa,Auto,29.99,15,0,11,Standard,478.85
Nagpur,Taxi,1.97,8,2,12,Sedan,74.11
Jaipur,Auto,39.95,3,4,3,Standard,456.68
Mumbai,Auto,18.74,9,1,7,Standard,253.02
Nagpur,Taxi,12.43,4,1,6,Hatchback,205.04
Jaipur,Auto,6.62,5,1,10,Standard,85.55
Mumbai,Taxi,36.64,21,5,1,SUV,1252.22
Delhi,Auto,35.45,12,4,1,Standard,426.3
Nagpur,Auto,13.32,7,1,8,Standard,140.74
Jaipur,Auto,29.09,0,5,3,Standard,334.24
Delhi,Auto,5.37,1,1,2,Standard,110.29
Jaipur,Taxi,38.25,17,4,2,Hatchback,544.57
Bengaluru,Auto,29.57,17,3,5,Standard,462.46
Bengaluru,Auto,9.34,12,0,1,Standard,173.5
Delhi,Auto,11.09,16,5,4,Standard,171.8
Jaipur,Taxi,5.27,1,3,5,SUV,197.56
Pune,Taxi,18.05,1,0,7,Sedan,438.51
Jaipur,Taxi,24.71,23,5,3,Hatchback,494.4
Goa,Auto,11.87,8,4,7,Standard,207.93
Mumbai,Taxi,9.74,16,3,6,Sedan,259.42
Nagpur,Taxi,34.37,5,0,3,SUV,695.87
Jaipur,Auto,34.78,11,2,1,Standard,393.68
Goa,Taxi,3.38,0,4,9,Sedan,194.92
Goa,Auto,18.68,18,0,10,Standard,283.91
Pune,Taxi,10.83,12,6,1,Sedan,227.75
Goa,Taxi,23.14,23,5,3,Hatchback,857.94
Nagpur,Auto,37.42,23,6,10,Standard,434.03
Goa,Auto,16.14,17,6,12,Standard,286.62
Pune,Taxi,17.59,8,3,4,SUV,440.37
Mumbai,Auto,10.71,3,0,12,Standard,229.96
Bengaluru,Taxi,21.41,2,2,2,Sedan,691.57
Pune,Auto,13.86,4,6,10,Standard,241.08
Delhi,Taxi,8.38,8,6,11,Sedan,206.36
Delhi,Taxi,30.74,8,3,7,Hatchback,534.82
Delhi,Auto,12.05,22,2,7,Standard,218.37
Nagpur,Taxi,3.28,4,2,11,Sedan,103.32
Goa,Taxi,31.03,2,5,9,SUV,1428.42
Nagpur,Taxi,18.42,9,0,3,SUV,474.25
Bengaluru,Taxi,21.7,16,0,8,Sedan,552.35
Delhi,Taxi,9.87,11,5,4,Hatchback,233.46
Nagpur,Taxi,39.83,0,0,5,Hatchback,568.55
Pune,Taxi,38.07,17,5,6,SUV,943.97
Mumbai,Auto,25.51,20,2,6,Standard,378.5
Delhi,Auto,35.45,1,3,10,Standard,528.02
Mumbai,Auto,16.93,1,0,3,Standard,315.97
Pune,Taxi,4.38,2,5,12,Hatchback,153.71
Nagpur,Taxi,29.67,20,3,2,SUV,631.38
Nagpur,Taxi,36.27,17,5,6,SUV,730.83
Jaipur,Auto,30.31,7,6,12,Standard,367.0
Goa,Auto,15.89,1,2,11,Standard,336.26
Nagpur,Auto,39.52,20,2,7,Standard,409.31
Mumbai,Taxi,4.44,7,0,6,SUV,212.83
Jaipur,Taxi,13.06,4,2,4,SUV,363.53
Bengaluru,Taxi,39.97,17,1,3,Hatchback,1019.24
Goa,Taxi,27.5,14,5,3,SUV,1046.5
Mumbai,Auto,28.44,12,2,12,Standard,439.37
Nagpur,Taxi,39.36,19,3,7,Hatchback,615.33
Bengaluru,Auto,19.46,2,5,3,Standard,392.7
Jaipur,Taxi,1.59,13,0,9,Hatchback,60.4
Pune,Auto,38.97,4,1,6,Standard,563.82
Goa,Taxi,3.09,23,3,12,Hatchback,182.78
Pune,Taxi,6.88,10,6,11,Sedan,179.59
Delhi,Auto,14.92,18,6,3,Standard,196.84
Bengaluru,Auto,26.07,2,6,2,Standard,452.49
Jaipur,Auto,22.32,2,4,3,Standard,263.08
Mumbai,Auto,12.96,10,5,10,Standard,232.5
Pune,Taxi,3.53,16,2,10,SUV,164.37
Pune,Taxi,16.8,0,2,2,Hatchback,392.44
Mumbai,Taxi,7.28,11,2,4,Sedan,228.43
Delhi,Taxi,8.27,0,0,12,SUV,363.13
Delhi,Auto,33.13,7,3,3,Standard,389.28
Jaipur,Auto,39.51,6,1,1,Standard,455.0
Nagpur,Taxi,18.42,18,4,10,SUV,469.27
Mumbai,Taxi,32.5,1,0,4,Sedan,884.87
Bengaluru,Taxi,5.17,22,3,12,Sedan,196.51
Goa,Auto,2.78,23,0,11,Standard,115.54
Nagpur,Auto,29.15,8,0,10,Standard,296.52
Goa,Auto,34.83,0,5,2,Standard,692.26
Bengaluru,Auto,14.17,5,5,2,Standard,225.96
Nagpur,Auto,19.4,14,4,1,Standard,208.85
Bengaluru,Taxi,5.13,0,4,12,Hatchback,195.26
Goa,Auto,6.06,6,5,10,Standard,152.24
Pune,Auto,19.76,3,4,4,Standard,278.92
Goa,Taxi,18.45,13,4,2,Sedan,582.21
Mumbai,Taxi,22.33,21,5,12,Hatchback,527.07
Goa,Auto,34.82,16,0,1,Standard,519.57
Delhi,Auto,32.14,4,1,7,Standard,581.63
Nagpur,Taxi,23.82,12,4,11,Hatchback,380.18
Pune,Auto,11.12,21,3,1,Standard,146.1
Bengaluru,Auto,18.04,22,0,4,Standard,350.03
Delhi,Taxi,13.55,23,0,7,Sedan,446.1
Goa,Taxi,3.84,15,0,4,Hatchback,138.56
Mumbai,Auto,12.0,6,5,12,Standard,213.66
Pune,Taxi,6.34,17,6,5,SUV,232.83
Nagpur,Taxi,12.76,3,5,7,Sedan,273.73
Goa,Taxi,13.34,7,0,3,Sedan,364.85
Mumbai,Auto,29.07,22,4,7,Standard,527.64
Bengaluru,Taxi,27.04,19,6,6,Sedan,701.56
Pune,Taxi,1.12,0,6,2,Sedan,92.45
Delhi,Auto,11.12,4,3,9,Standard,224.04
Pune,Auto,13.48,7,4,6,Standard,168.04
Goa,Taxi,22.29,2,3,8,Sedan,782.06
Mumbai,Taxi,24.1,18,3,9,Sedan,533.32
Delhi,Auto,15.68,20,0,11,Standard,237.73
Bengaluru,Taxi,29.64,0,1,5,Sedan,954.26
Bengaluru,Auto,17.49,14,3,3,Standard,258.51
Mumbai,Auto,2.07,6,0,9,Standard,62.77
Delhi,Auto,30.43,15,4,11,Standard,422.3
Bengaluru,Taxi,4.81,10,2,4,Sedan,181.74
Goa,Taxi,12.56,2,6,5,Hatchback,472.11
Delhi,Auto,15.95,5,4,3,Standard,215.37
Goa,Auto,39.27,14,1,9,Standard,633.5
Delhi,Taxi,17.25,8,1,1,Hatchback,355.28
Bengaluru,Taxi,19.65,2,6,12,Sedan,602.31
Delhi,Taxi,22.39,12,3,7,SUV,710.0
Delhi,Taxi,35.83,13,5,9,Sedan,875.49
Pune,Taxi,35.94,22,0,5,Hatchback,724.26
Pune,Auto,7.88,22,2,6,Standard,141.18
Delhi,Taxi,31.74,21,4,10,Hatchback,661.35
Bengaluru,Taxi,17.31,2,2,10,SUV,809.21
Bengaluru,Auto,13.26,21,5,12,Standard,231.11
Bengaluru,Taxi,19.47,19,3,8,SUV,754.91
Delhi,Auto,18.02,2,4,12,Standard,338.67
Nagpur,Auto,33.96,15,1,7,Standard,349.39
Nagpur,Auto,8.03,22,1,3,Standard,117.17
Nagpur,Auto,5.15,2,6,8,Standard,87.69
Jaipur,Auto,24.66,15,0,7,Standard,242.49
Goa,Auto,25.05,17,2,2,Standard,396.59
Goa,Auto,2.26,5,0,7,Standard,84.19
Mumbai,Taxi,34.4,5,1,1,SUV,1208.14
Jaipur,Auto,4.73,8,1,11,Standard,70.63
Bengaluru,Taxi,17.47,0,6,2,Sedan,577.83
Goa,Taxi,32.44,2,3,4,Sedan,1130.36
Goa,Taxi,27.72,1,2,10,Hatchback,828.07
Nagpur,Auto,8.16,8,3,10,Standard,90.98
Mumbai,Auto,22.96,14,3,4,Standard,372.92
Mumbai,Taxi,2.27,12,6,6,SUV,146.87
Nagpur,Auto,5.24,19,1,12,Standard,72.95
Nagpur,Auto,39.66,15,1,9,Standard,413.96
Nagpur,Taxi,9.67,20,0,5,Hatchback,185.53
Pune,Auto,5.89,13,5,7,Standard,97.17
Jaipur,Auto,18.69,5,4,11,Standard,196.7
Nagpur,Auto,25.31,20,4,6,Standard,222.99
Jaipur,Taxi,34.51,13,2,1,SUV,790.44
Bengaluru,Auto,34.01,0,1,1,Standard,614.72
Jaipur,Taxi,38.43,5,4,1,SUV,819.41
Goa,Taxi,31.29,9,6,4,Hatchback,828.51
Delhi,Auto,23.81,5,1,6,Standard,353.69
Nagpur,Taxi,1.26,5,1,6,Sedan,52.78
Nagpur,Auto,14.42,1,0,10,Standard,184.78
Nagpur,Auto,13.81,22,5,1,Standard,160.01
Bengaluru,Auto,25.33,7,1,3,Standard,383.84
Nagpur,Auto,24.09,4,0,9,Standard,234.8
Pune,Taxi,5.93,8,6,5,Sedan,148.4
Pune,Taxi,31.42,19,3,6,Hatchback,608.21
Pune,Taxi,5.6,7,3,7,Sedan,139.87
Bengaluru,Auto,23.93,8,1,2,Standard,421.01
Bengaluru,Taxi,31.22,8,5,2,SUV,1172.62
Bengaluru,Auto,23.85,5,3,8,Standard,343.52
Nagpur,Taxi,15.52,23,3,3,Hatchback,298.86
Goa,Auto,13.42,21,6,9,Standard,263.41
Bengaluru,Auto,5.01,4,5,1,Standard,146.78
Bengaluru,Taxi,32.54,7,0,1,Hatchback,774.35
Nagpur,Auto,35.11,8,0,4,Standard,312.75
Mumbai,Taxi,27.95,10,2,1,Hatchback,580.85
Delhi,Taxi,31.1,3,4,11,SUV,1034.15
Nagpur,Taxi,34.2,15,4,8,SUV,771.22
Delhi,Auto,15.6,23,2,3,Standard,252.35
Mumbai,Taxi,32.93,20,6,11,SUV,1064.29
Pune,Taxi,8.03,0,2,9,SUV,300.8
Mumbai,Auto,25.73,18,1,4,Standard,409.95
Goa,Taxi,23.99,17,3,6,SUV,816.34
Goa,Taxi,14.27,22,4,11,Sedan,526.79
Bengaluru,Auto,35.45,10,5,9,Standard,616.5
Delhi,Taxi,22.12,10,5,7,SUV,740.7
Bengaluru,Taxi,31.75,0,5,9,Hatchback,848.3
Bengaluru,Taxi,23.8,5,2,5,SUV,946.26
Goa,Auto,4.13,18,3,3,Standard,105.33
Nagpur,Taxi,1.34,3,4,3,Hatchback,57.4
Goa,Auto,30.52,9,3,3,Standard,506.09
Nagpur,Auto,26.2,2,6,3,Standard,321.16
Nagpur,Auto,12.21,18,1,10,Standard,118.19
Mumbai,Auto,7.64,22,3,1,Standard,149.81
Bengaluru,Taxi,36.82,10,6,1,Hatchback,996.09
Delhi,Auto,8.22,15,6,5,Standard,143.1
Mumbai,Taxi,3.92,23,6,2,SUV,253.23
Nagpur,Auto,22.01,5,1,3,Standard,211.32
Bengaluru,Taxi,38.04,7,3,1,Sedan,1023.69
Bengaluru,Taxi,6.6,15,5,1,SUV,303.02
Delhi,Auto,37.02,23,3,1,Standard,592.83
Bengaluru,Taxi,11.97,22,4,12,Hatchback,403.06
Mumbai,Taxi,13.7,14,1,4,SUV,461.12
Mumbai,Auto,26.7,7,5,2,Standard,379.04
Goa,Taxi,5.47,20,6,10,Hatchback,184.08
Jaipur,Taxi,12.69,6,5,2,Hatchback,228.16
Delhi,Auto,36.7,6,3,3,Standard,469.3
Jaipur,Auto,19.59,13,6,1,Standard,221.59
Jaipur,Taxi,24.57,5,4,1,Hatchback,424.48
Bengaluru,Taxi,13.78,10,0,9,Hatchback,360.46
Mumbai,Taxi,25.17,18,1,3,Hatchback,525.82
Nagpur,Taxi,12.19,7,3,5,Sedan,210.37
Delhi,Taxi,7.56,8,2,7,Hatchback,198.09
Goa,Taxi,33.13,18,2,8,SUV,1233.09
Mumbai,Taxi,35.09,17,2,12,Hatchback,699.43
Goa,Taxi,22.82,1,2,12,Hatchback,743.56
Nagpur,Auto,3.47,0,0,10,Standard,58.4
Pune,Auto,19.79,8,1,2,Standard,237.35
Delhi,Taxi,31.43,19,0,1,Hatchback,627.28
Nagpur,Auto,11.21,13,0,5,Standard,124.55
Jaipur,Auto,12.45,14,4,9,Standard,138.15
Nagpur,Auto,16.45,12,0,9,Standard,182.47
Goa,Auto,11.0,13,6,8,Standard,198.12
Bengaluru,Taxi,22.58,2,2,11,Hatchback,597.55
Jaipur,Taxi,15.54,16,5,10,SUV,423.35
Mumbai,Taxi,19.54,22,1,10,Hatchback,572.64
Mumbai,Auto,2.6,14,5,9,Standard,71.8
Delhi,Taxi,17.06,13,0,6,Hatchback,390.76
Nagpur,Taxi,11.41,13,4,9,Hatchback,178.43
Mumbai,Auto,26.14,21,1,1,Standard,410.08
Bengaluru,Taxi,37.39,5,5,3,SUV,1338.16
Goa,Auto,31.27,19,0,9,Standard,505.18
Jaipur,Auto,9.5,10,5,10,Standard,133.29
Mumbai,Auto,30.31,18,3,4,Standard,415.65
Goa,Taxi,21.09,19,6,9,SUV,898.6
Bengaluru,Taxi,33.91,20,2,1,SUV,1284.34
Jaipur,Auto,6.42,3,5,8,Standard,91.53
Jaipur,Auto,22.26,12,5,12,Standard,249.26
Bengaluru,Auto,8.29,1,6,2,Standard,186.75
Nagpur,Taxi,8.47,18,4,3,Hatchback,159.97
Pune,Taxi,39.81,17,1,8,SUV,940.5
Nagpur,Auto,38.67,6,6,4,Standard,387.22
Bengaluru,Taxi,17.49,9,4,5,SUV,602.85
Pune,Auto,2.18,22,5,10,Standard,65.21
Jaipur,Taxi,27.31,7,2,5,Sedan,503.6
Jaipur,Taxi,12.01,18,4,7,Sedan,234.29
Bengaluru,Taxi,25.06,17,3,4,Sedan,586.79
Delhi,Taxi,10.05,16,5,5,Hatchback,251.13
Nagpur,Taxi,6.72,22,5,12,SUV,197.17
Jaipur,Taxi,19.39,0,3,11,Hatchback,341.3
Jaipur,Auto,27.43,10,5,9,Standard,310.69
Goa,Taxi,15.8,8,6,10,Sedan,537.58
Jaipur,Taxi,20.93,10,0,4,SUV,566.93
Goa,Taxi,19.56,19,1,7,Sedan,576.55
Mumbai,Auto,8.94,16,5,9,Standard,143.52
Jaipur,Taxi,7.21,4,4,3,Hatchback,162.59
Bengaluru,Taxi,34.93,9,6,5,SUV,1385.69
Delhi,Taxi,34.18,14,1,9,SUV,998.94
Pune,Auto,26.02,14,5,5,Standard,294.34
Bengaluru,Taxi,37.55,21,0,12,Hatchback,890.42
Bengaluru,Taxi,32.19,12,3,3,Sedan,740.18
Mumbai,Taxi,10.36,3,3,1,Sedan,356.75
Goa,Taxi,8.59,8,2,5,Hatchback,238.95
Goa,Auto,26.04,10,4,11,Standard,465.96
Bengaluru,Taxi,7.97,23,5,5,Sedan,332.52
Jaipur,Taxi,7.33,11,1,7,Hatchback,149.44
Pune,Taxi,38.32,14,2,4,Sedan,652.58
Pune,Auto,16.8,22,0,4,Standard,249.58
Jaipur,Auto,6.14,9,1,7,Standard,82.2
Goa,Auto,14.73,7,5,7,Standard,259.92
Goa,Taxi,21.78,14,6,6,SUV,929.36
Delhi,Taxi,35.07,22,2,9,Sedan,956.12
Mumbai,Auto,39.93,7,4,6,Standard,532.87
Jaipur,Auto,6.94,6,1,4,Standard,92.0
Bengaluru,Auto,24.57,19,4,7,Standard,372.42
Mumbai,Taxi,23.68,18,6,8,Hatchback,610.64
Goa,Taxi,30.19,8,1,10,Sedan,829.59
Nagpur,Taxi,22.98,4,0,7,Hatchback,373.26
Mumbai,Auto,7.9,11,3,10,Standard,156.62
Pune,Taxi,36.68,19,6,12,SUV,1018.4
Nagpur,Auto,34.74,12,4,9,Standard,333.75
Bengaluru,Auto,15.51,13,0,5,Standard,238.51
Delhi,Taxi,21.41,8,4,4,Sedan,436.31
Nagpur,Taxi,4.3,4,3,1,SUV,137.65
Mumbai,Auto,2.94,21,5,8,Standard,86.65
Nagpur,Taxi,29.91,21,1,1,Hatchback,478.91
Jaipur,Taxi,12.72,0,1,9,Sedan,293.81
Bengaluru,Auto,36.14,17,3,3,Standard,496.74
Pune,Auto,33.48,12,2,3,Standard,414.35
Jaipur,Taxi,36.44,10,4,12,Hatchback,585.44
Mumbai,Taxi,14.14,7,0,10,Sedan,409.6
Bengaluru,Auto,25.27,8,4,10,Standard,393.28
Pune,Taxi,39.52,11,3,9,SUV,936.99
Mumbai,Taxi,26.7,7,5,1,Hatchback,604.24
Bengaluru,Auto,37.52,13,4,6,Standard,645.77
Nagpur,Auto,13.08,9,3,5,Standard,128.81
Nagpur,Auto,38.61,21,1,8,Standard,385.8
Delhi,Auto,1.5,15,3,8,Standard,47.28
Nagpur,Taxi,39.63,11,0,4,Hatchback,559.91
Goa,Taxi,6.72,10,6,10,Sedan,264.55
Pune,Taxi,8.73,15,1,4,SUV,276.93
Nagpur,Auto,32.6,9,2,8,Standard,301.14
Pune,Taxi,20.24,0,3,12,Hatchback,476.04
Bengaluru,Taxi,13.29,2,0,12,Sedan,477.26
Bengaluru,Auto,31.32,19,0,8,Standard,505.28
Jaipur,Auto,19.85,7,5,3,Standard,248.39
Pune,Auto,11.45,12,1,5,Standard,136.59
Goa,Taxi,32.0,16,0,6,SUV,1131.18
Jaipur,Taxi,29.73,3,2,8,SUV,728.78
Jaipur,Auto,10.71,21,0,7,Standard,115.7
Bengaluru,Auto,2.97,0,4,4,Standard,102.89
Goa,Taxi,13.15,9,0,9,SUV,509.41
Mumbai,Taxi,37.0,22,4,3,SUV,1306.53
Goa,Taxi,9.15,12,3,3,SUV,429.17
Jaipur,Taxi,21.04,17,4,7,Sedan,398.54
Delhi,Taxi,18.35,17,0,3,SUV,554.9
Nagpur,Auto,38.86,12,2,12,Standard,368.12
Pune,Taxi,29.17,10,5,7,Sedan,550.51
Mumbai,Taxi,39.43,9,2,1,SUV,1253.01
Pune,Taxi,20.01,16,5,10,Hatchback,393.05
Mumbai,Taxi,39.18,22,0,10,Sedan,1159.27
Mumbai,Auto,4.08,6,5,3,Standard,101.39
Bengaluru,Taxi,14.08,8,4,6,Sedan,408.81
Delhi,Taxi,10.4,21,0,2,Hatchback,242.04
Bengaluru,Taxi,39.77,21,5,3,Hatchback,881.73
Delhi,Taxi,36.29,21,0,8,SUV,1048.36
Delhi,Auto,12.55,23,5,1,Standard,262.0
Jaipur,Taxi,35.92,2,3,2,SUV,873.74
Jaipur,Taxi,23.32,23,1,10,SUV,586.98
Goa,Auto,39.91,4,6,7,Standard,807.29
Delhi,Auto,15.17,0,1,12,Standard,261.34
Jaipur,Auto,6.06,15,6,9,Standard,98.18
Mumbai,Taxi,21.16,1,2,1,Hatchback,553.04
Mumbai,Auto,10.31,0,2,1,Standard,188.14
Pune,Taxi,25.7,8,6,1,SUV,748.21
Pune,Taxi,34.52,18,0,10,Sedan,609.85
Nagpur,Taxi,10.25,0,1,6,SUV,262.53
Pune,Auto,7.17,6,6,8,Standard,119.77
Pune,Auto,10.02,3,4,11,Standard,171.32
Bengaluru,Taxi,25.31,17,3,1,Sedan,613.22
Bengaluru,Auto,37.44,21,2,5,Standard,621.33
Jaipur,Taxi,13.44,23,4,10,Sedan,271.04
Delhi,Auto,21.04,3,4,1,Standard,368.04
Mumbai,Auto,25.54,16,1,5,Standard,407.72
Goa,Auto,16.53,12,1,3,Standard,296.71
Jaipur,Auto,5.81,19,3,1,Standard,79.1
Bengaluru,Auto,10.15,13,0,7,Standard,200.28
Delhi,Auto,18.46,9,3,11,Standard,233.4
Bengaluru,Auto,6.11,11,6,2,Standard,129.04
Delhi,Taxi,15.6,6,5,1,Sedan,345.38
Nagpur,Taxi,20.38,3,2,7,Hatchback,305.61
Pune,Auto,15.56,5,2,5,Standard,177.85
Nagpur,Auto,18.25,8,0,12,Standard,182.62
Delhi,Auto,4.79,10,5,8,Standard,96.91
Delhi,Auto,23.33,23,0,11,Standard,431.8
Jaipur,Auto,38.61,9,6,12,Standard,407.98
Nagpur,Auto,16.15,3,4,4,Standard,172.64
Delhi,Auto,25.46,17,3,7,Standard,342.33
Mumbai,Auto,2.92,5,1,12,Standard,78.02
Goa,Auto,22.14,7,6,1,Standard,421.63
Mumbai,Taxi,2.0,11,3,8,Sedan,97.56
Nagpur,Taxi,28.55,22,3,4,SUV,743.1
Nagpur,Taxi,39.93,12,2,5,SUV,767.34
Goa,Taxi,10.36,5,6,7,Hatchback,343.35
Bengaluru,Auto,11.07,14,3,4,Standard,204.21
Jaipur,Taxi,29.12,10,5,3,Sedan,478.11
Nagpur,Taxi,23.43,8,5,1,Sedan,368.14
Pune,Taxi,30.68,5,4,5,Sedan,572.37
Nagpur,Auto,26.73,19,4,9,Standard,242.3
Pune,Taxi,19.85,10,6,2,SUV,553.55
Delhi,Auto,35.97,1,3,6,Standard,571.94
Jaipur,Taxi,22.49,7,0,1,Sedan,356.63
Goa,Auto,39.4,6,5,3,Standard,614.29
Goa,Auto,36.63,15,3,8,Standard,586.75
Nagpur,Taxi,35.58,16,5,1,Hatchback,601.34
Bengaluru,Auto,2.1,14,0,4,Standard,70.21
Mumbai,Taxi,32.11,10,4,6,Hatchback,635.06
Pune,Auto,25.58,2,5,1,Standard,382.27
Goa,Auto,6.16,15,2,1,Standard,140.06
Goa,Auto,31.48,11,4,3,Standard,505.32
Bengaluru,Taxi,23.2,0,6,7,Hatchback,729.33
Mumbai,Taxi,28.56,6,6,9,Sedan,750.9
Delhi,Auto,37.89,23,0,5,Standard,620.38
Delhi,Auto,26.18,6,0,9,Standard,382.6
Pune,Auto,33.84,19,6,2,Standard,391.1
Jaipur,Auto,23.98,19,2,6,Standard,227.22
Delhi,Taxi,33.12,13,2,4,Sedan,653.27
Jaipur,Taxi,11.03,12,0,3,SUV,270.35
Jaipur,Taxi,34.81,3,2,10,SUV,848.5
Delhi,Taxi,1.64,22,0,3,Hatchback,103.16
Bengaluru,Taxi,36.48,18,4,12,Sedan,1034.29
Bengaluru,Auto,33.24,20,1,6,Standard,504.95
Bengaluru,Auto,34.04,16,4,3,Standard,581.12
Nagpur,Taxi,21.51,17,5,8,Hatchback,306.33
Jaipur,Auto,16.13,1,3,12,Standard,179.73
Jaipur,Taxi,29.21,18,5,6,SUV,708.98
Bengaluru,Auto,1.96,21,2,9,Standard,66.07
Bengaluru,Auto,8.52,21,4,4,Standard,179.97
Goa,Auto,8.85,3,0,9,Standard,203.15
Nagpur,Auto,15.98,4,0,2,Standard,181.0
Delhi,Auto,27.69,13,2,6,Standard,365.22
Pune,Auto,13.78,11,3,6,Standard,161.65
Nagpur,Auto,17.81,0,0,1,Standard,197.19
Bengaluru,Auto,32.53,4,2,11,Standard,521.57
Mumbai,Auto,14.76,10,0,3,Standard,212.83
Delhi,Auto,3.68,16,4,10,Standard,76.65
Delhi,Taxi,32.27,6,1,9,Sedan,684.69
Pune,Auto,20.99,7,6,6,Standard,290.26
Goa,Taxi,3.48,0,1,7,SUV,255.3
Pune,Auto,7.0,6,4,11,Standard,103.35
Nagpur,Taxi,13.98,1,4,10,SUV,391.8
Nagpur,Taxi,31.3,8,5,2,SUV,672.4
Jaipur,Taxi,31.04,20,0,10,SUV,726.94
Bengaluru,Auto,33.79,10,1,9,Standard,496.4
Nagpur,Auto,24.77,16,0,5,Standard,236.13
Mumbai,Auto,14.8,12,6,12,Standard,242.47
Pune,Taxi,13.55,20,5,4,SUV,423.91
Jaipur,Taxi,23.79,20,6,9,Hatchback,358.32
Jaipur,Auto,7.57,19,2,5,Standard,91.23
Goa,Taxi,38.81,11,4,10,Sedan,1158.83
Nagpur,Auto,24.81,0,3,4,Standard,294.5
Nagpur,Taxi,4.76,23,3,11,Sedan,121.36
Delhi,Auto,15.14,11,0,11,Standard,204.83
Pune,Auto,39.74,21,4,12,Standard,421.61
Mumbai,Taxi,13.48,20,4,7,SUV,504.04
Goa,Auto,23.25,5,1,11,Standard,415.74
Nagpur,Auto,29.74,11,5,9,Standard,297.18
Pune,Auto,18.91,15,2,9,Standard,217.91
Goa,Auto,28.29,12,3,3,Standard,504.79
Nagpur,Taxi,4.6,16,6,2,Hatchback,102.23
Pune,Taxi,31.38,12,6,6,Hatchback,625.88
Pune,Auto,25.29,18,6,1,Standard,351.41
Nagpur,Taxi,18.95,4,1,11,Sedan,354.43
Bengaluru,Taxi,35.47,7,3,11,Sedan,988.31
Mumbai,Taxi,32.69,13,2,5,SUV,1146.04
Jaipur,Auto,27.17,17,2,8,Standard,321.3
Pune,Auto,3.75,14,3,8,Standard,67.35
Nagpur,Taxi,22.09,21,0,8,SUV,531.28
Bengaluru,Taxi,23.74,10,3,10,Hatchback,510.69
Pune,Auto,20.89,19,6,12,Standard,276.59
Nagpur,Auto,20.72,17,4,8,Standard,205.99
Pune,Taxi,38.42,21,3,7,Sedan,666.68
Nagpur,Auto,8.04,20,6,11,Standard,103.67
Jaipur,Auto,22.34,17,0,3,Standard,266.29
Jaipur,Auto,20.92,4,6,1,Standard,272.55
Bengaluru,Taxi,16.13,19,0,2,Hatchback,362.68
Pune,Taxi,19.76,4,4,9,Sedan,426.67
Pune,Taxi,11.72,22,4,11,Sedan,331.05
Bengaluru,Auto,36.93,7,5,6,Standard,533.78
Bengaluru,Auto,20.93,13,6,9,Standard,381.68
Goa,Taxi,14.19,22,3,1,Sedan,591.98
Bengaluru,Taxi,4.96,5,6,11,SUV,285.85
Nagpur,Taxi,13.84,20,0,11,Hatchback,241.25
Delhi,Auto,14.94,20,0,9,Standard,211.18
Pune,Taxi,11.68,8,2,1,SUV,335.4
Pune,Taxi,38.9,9,0,5,Sedan,820.02
Mumbai,Taxi,37.51,20,6,6,Sedan,1007.74
Nagpur,Auto,5.44,20,6,7,Standard,82.48
Goa,Taxi,2.46,20,3,8,SUV,182.55
Pune,Taxi,10.05,9,6,11,Sedan,228.89
Bengaluru,Auto,17.07,15,4,5,Standard,252.32
Goa,Taxi,29.3,13,2,1,Hatchback,647.09
Nagpur,Taxi,13.45,6,6,8,SUV,343.18
Nagpur,Taxi,23.71,15,2,8,Hatchback,373.73
Nagpur,Taxi,18.13,3,4,7,SUV,514.58
Goa,Taxi,2.47,18,6,2,SUV,179.2
Delhi,Auto,39.84,7,1,3,Standard,486.56
Bengaluru,Auto,22.45,20,5,5,Standard,383.82
Pune,Auto,1.93,14,1,5,Standard,48.3
Bengaluru,Auto,16.16,23,0,6,Standard,330.68
Pune,Auto,26.36,20,3,5,Standard,332.87
Pune,Taxi,3.48,0,2,1,Hatchback,129.13
Nagpur,Taxi,26.91,12,4,9,SUV,537.38
Goa,Auto,9.89,9,6,5,Standard,207.91
Bengaluru,Taxi,24.04,17,1,12,SUV,863.91
Bengaluru,Auto,29.7,4,4,12,Standard,582.98
Pune,Auto,26.91,7,1,1,Standard,344.63
Bengaluru,Auto,23.43,20,4,7,Standard,395.1
Nagpur,Taxi,35.74,13,3,8,SUV,770.21
Pune,Auto,17.14,2,0,3,Standard,276.91
Jaipur,Auto,11.84,1,1,3,Standard,141.13
Jaipur,Taxi,24.94,17,0,2,Hatchback,437.97
Nagpur,Auto,22.6,13,3,6,Standard,233.8
Mumbai,Taxi,34.71,19,0,6,Hatchback,678.94
Delhi,Auto,5.69,9,0,10,Standard,93.12
Nagpur,Auto,18.86,12,2,7,Standard,211.49
Nagpur,Auto,5.29,12,1,8,Standard,75.93
Bengaluru,Taxi,23.14,11,5,11,Sedan,632.84
Pune,Auto,23.72,5,5,3,Standard,299.47
Bengaluru,Auto,32.66,9,4,1,Standard,451.41
Goa,Auto,38.94,23,6,6,Standard,822.48
Jaipur,Taxi,31.4,21,2,9,Hatchback,480.76
Nagpur,Taxi,36.51,7,4,1,SUV,755.38
Goa,Taxi,3.58,11,2,7,Sedan,168.35
Jaipur,Taxi,27.78,9,4,4,Hatchback,403.4
Mumbai,Taxi,28.17,18,3,9,Hatchback,614.27
Pune,Auto,3.48,22,0,5,Standard,68.66
Delhi,Auto,18.19,20,3,7,Standard,226.84
Nagpur,Taxi,21.61,11,4,1,SUV,439.66
Jaipur,Auto,4.35,6,4,2,Standard,65.87
Mumbai,Auto,17.89,17,3,3,Standard,280.72
Goa,Taxi,32.14,2,4,8,Hatchback,923.23
Pune,Auto,17.51,4,2,8,Standard,272.47
Bengaluru,Taxi,34.69,18,5,4,Sedan,884.62
Goa,Taxi,37.74,5,5,12,Hatchback,887.92
Bengaluru,Taxi,8.2,1,1,9,Sedan,296.14
Delhi,Auto,27.34,4,1,5,Standard,477.45
Mumbai,Auto,2.07,13,3,1,Standard,57.29
Mumbai,Auto,29.8,18,1,1,Standard,387.67
Goa,Auto,35.82,6,6,12,Standard,611.08
Nagpur,Taxi,11.84,1,2,4,Sedan,260.56
Pune,Taxi,26.93,1,2,7,Sedan,561.8
Mumbai,Taxi,29.83,1,6,2,SUV,1105.45
Nagpur,Auto,9.15,18,0,4,Standard,99.4
Nagpur,Auto,21.16,3,6,4,Standard,227.37
Jaipur,Auto,33.46,13,5,5,Standard,350.99
Nagpur,Auto,20.52,9,6,5,Standard,224.87
Bengaluru,Taxi,11.28,16,3,7,Sedan,311.01
Nagpur,Taxi,32.6,11,1,7,SUV,757.06
Jaipur,Auto,11.79,18,4,11,Standard,144.39
Nagpur,Auto,14.89,2,2,12,Standard,160.36
Bengaluru,Auto,32.75,18,6,2,Standard,506.22
Goa,Auto,15.42,7,6,11,Standard,287.72
Pune,Auto,12.71,8,3,6,Standard,155.99
Bengaluru,Auto,12.25,14,6,5,Standard,249.17
Bengaluru,Auto,27.01,10,1,9,Standard,436.22
Jaipur,Auto,30.71,18,4,6,Standard,340.97
Nagpur,Auto,35.22,22,6,7,Standard,393.25
Pune,Taxi,5.03,15,0,3,Hatchback,130.76
Goa,Auto,30.05,17,1,6,Standard,465.72
Jaipur,Auto,22.39,16,5,7,Standard,238.58
Pune,Taxi,31.61,12,5,9,Hatchback,535.4
Pune,Auto,25.02,17,6,11,Standard,283.24
Mumbai,Auto,27.28,16,0,2,Standard,385.99
Goa,Taxi,19.01,0,1,1,SUV,956.25
Nagpur,Auto,15.8,15,5,3,Standard,186.03
Goa,Taxi,11.68,19,3,8,Sedan,401.87
Jaipur,Taxi,35.95,12,5,5,SUV,894.71
Mumbai,Taxi,39.18,12,6,4,Sedan,989.47
Delhi,Auto,8.17,20,2,3,Standard,138.86
Goa,Taxi,33.86,9,2,7,Hatchback,766.47
Goa,Taxi,5.25,4,5,10,SUV,402.95
Pune,Auto,9.39,18,2,9,Standard,142.34
Mumbai,Taxi,26.04,22,3,12,Sedan,721.57
Bengaluru,Taxi,16.99,21,0,7,SUV,666.09
Pune,Taxi,13.82,19,0,1,Sedan,270.43
Bengaluru,Taxi,14.65,18,0,2,Sedan,406.74
Jaipur,Taxi,24.46,23,4,1,SUV,688.65
Mumbai,Taxi,10.03,8,1,8,Sedan,308.79
Bengaluru,Auto,38.32,8,4,2,Standard,559.82
Goa,Auto,29.41,2,6,7,Standard,658.49
Nagpur,Taxi,39.77,17,0,2,Sedan,621.34
Delhi,Taxi,2.85,9,5,3,Sedan,128.71
Mumbai,Taxi,22.91,13,6,7,SUV,881.21
Bengaluru,Taxi,38.63,19,4,1,SUV,1257.86
Nagpur,Taxi,11.05,23,2,5,Sedan,229.23
Nagpur,Taxi,13.45,2,3,1,Sedan,278.39
Pune,Taxi,33.66,18,0,4,Hatchback,649.9
Bengaluru,Taxi,13.63,15,0,12,Sedan,428.24
Goa,Auto,8.93,4,6,12,Standard,216.99
Jaipur,Auto,39.86,9,3,11,Standard,445.78
Nagpur,Taxi,4.59,4,6,9,Hatchback,112.05
Jaipur,Auto,6.33,15,5,2,Standard,98.19
Pune,Taxi,19.58,16,2,8,Hatchback,351.81
Goa,Auto,24.6,7,4,2,Standard,365.38
Jaipur,Auto,24.97,3,5,7,Standard,280.11
Pune,Auto,10.73,4,0,6,Standard,159.07
Mumbai,Taxi,10.26,10,1,6,SUV,344.19
Pune,Auto,16.15,13,4,5,Standard,219.83
Delhi,Taxi,7.84,20,3,12,Hatchback,182.01
Mumbai,Taxi,25.69,9,3,12,Sedan,671.5
Jaipur,Auto,21.3,11,3,7,Standard,237.29
Pune,Taxi,2.19,3,4,11,Sedan,107.79
Delhi,Auto,14.57,21,3,4,Standard,201.14
Goa,Auto,34.22,5,3,11,Standard,585.21
Bengaluru,Taxi,16.76,20,2,7,Hatchback,407.09
Delhi,Auto,19.58,21,0,2,Standard,254.72
Jaipur,Auto,33.71,0,6,7,Standard,405.86
Bengaluru,Taxi,2.58,22,4,8,Hatchback,140.13
Mumbai,Taxi,38.77,13,3,9,Sedan,934.74
Jaipur,Auto,19.95,17,1,1,Standard,217.04
Nagpur,Taxi,29.08,3,2,11,SUV,649.68
Nagpur,Taxi,6.78,5,4,3,SUV,181.37
Pune,Auto,13.74,4,4,4,Standard,198.16
Pune,Auto,1.05,2,0,12,Standard,50.41
Delhi,Auto,9.9,3,5,2,Standard,220.09
Delhi,Taxi,8.58,14,1,3,Hatchback,216.97
Pune,Taxi,31.87,13,2,2,Sedan,644.55
Jaipur,Auto,22.7,1,4,8,Standard,270.98
Mumbai,Taxi,1.67,2,0,5,SUV,141.76
Delhi,Auto,12.75,19,2,3,Standard,198.8
Pune,Taxi,11.24,15,4,7,SUV,365.15
Delhi,Taxi,2.42,2,5,9,SUV,190.87
Pune,Taxi,16.04,11,3,9,Sedan,350.3
Mumbai,Taxi,22.77,3,5,3,Hatchback,574.63
Goa,Auto,37.32,7,6,12,Standard,617.1
Pune,Taxi,32.76,17,2,6,Hatchback,633.05
Goa,Auto,28.22,0,4,5,Standard,559.39
Jaipur,Taxi,24.51,13,4,11,Hatchback,350.84
Delhi,Auto,21.27,17,3,1,Standard,279.75
Jaipur,Taxi,13.93,14,1,4,Hatchback,238.33
Delhi,Auto,35.85,2,3,6,Standard,529.52
Bengaluru,Taxi,17.31,17,0,5,Sedan,490.56
Pune,Taxi,14.95,20,0,9,Sedan,302.28
Bengaluru,Auto,25.97,12,2,5,Standard,393.27
Goa,Auto,13.6,0,4,5,Standard,333.26
Nagpur,Taxi,7.79,9,4,1,Hatchback,150.2
Delhi,Taxi,28.67,9,0,12,Hatchback,542.62
Nagpur,Auto,13.78,10,2,8,Standard,140.27
Pune,Taxi,7.79,15,4,7,Hatchback,151.27
Delhi,Taxi,18.63,7,6,4,Hatchback,377.09
Nagpur,Auto,14.99,7,6,2,Standard,159.73
Pune,Taxi,16.09,1,2,1,SUV,579.35
Nagpur,Auto,8.17,22,4,10,Standard,96.74
Nagpur,Taxi,12.52,5,4,3,Hatchback,221.22
Mumbai,Auto,16.88,17,6,3,Standard,298.18
Delhi,Taxi,7.87,12,3,10,SUV,266.78
Goa,Taxi,9.63,4,6,6,Hatchback,404.8
Nagpur,Taxi,23.87,16,0,5,Sedan,401.07
Goa,Auto,8.21,1,3,2,Standard,223.53
Mumbai,Taxi,10.34,7,1,6,SUV,399.18
Bengaluru,Auto,24.54,0,0,11,Standard,399.43
Jaipur,Auto,4.88,4,1,6,Standard,78.83
Jaipur,Auto,3.5,23,2,6,Standard,74.18
Delhi,Taxi,18.53,19,6,3,SUV,563.75
Delhi,Auto,6.33,7,0,7,Standard,112.91
Bengaluru,Auto,12.11,12,2,8,Standard,225.36
Goa,Taxi,1.5,23,0,10,Hatchback,119.61
Goa,Auto,27.43,22,0,2,Standard,613.55
Bengaluru,Auto,28.75,10,0,6,Standard,417.86
Bengaluru,Auto,5.88,18,1,9,Standard,111.4
Jaipur,Auto,22.35,13,5,2,Standard,271.73
Pune,Taxi,6.15,2,5,2,Sedan,188.96
Jaipur,Auto,16.07,15,5,7,Standard,176.84
Nagpur,Taxi,8.74,15,0,9,Sedan,165.18
Nagpur,Taxi,15.76,20,4,12,Sedan,262.1
Pune,Auto,9.61,15,0,2,Standard,126.92
Nagpur,Auto,1.84,0,5,4,Standard,46.32
Delhi,Taxi,30.34,18,5,3,SUV,1022.24
Jaipur,Taxi,6.58,13,2,10,Sedan,156.0
Pune,Auto,24.89,4,3,9,Standard,361.25
Mumbai,Auto,32.26,15,3,6,Standard,469.6
Delhi,Taxi,6.44,3,0,5,SUV,322.62
Mumbai,Auto,7.38,13,3,5,Standard,123.3
Bengaluru,Taxi,3.48,4,3,3,Hatchback,171.92
Delhi,Auto,38.53,7,3,6,Standard,515.88
Delhi,Auto,39.12,8,4,8,Standard,503.8
Pune,Auto,7.42,18,2,12,Standard,106.64
Mumbai,Taxi,16.87,4,2,1,Hatchback,516.88
Pune,Taxi,17.33,12,4,6,SUV,530.69
Nagpur,Taxi,30.87,14,3,12,Hatchback,451.9
Pune,Taxi,13.46,0,4,8,SUV,462.95
Nagpur,Auto,34.79,2,1,10,Standard,336.13
Bengaluru,Auto,8.26,6,2,8,Standard,156.48
Goa,Taxi,36.52,15,5,10,Hatchback,920.83
Nagpur,Auto,34.7,9,5,11,Standard,315.14
Mumbai,Taxi,26.34,16,1,2,Sedan,607.65
Pune,Taxi,8.53,20,5,3,Sedan,223.64
Pune,Auto,3.5,12,3,7,Standard,72.13
Bengaluru,Taxi,8.69,20,1,11,Hatchback,224.97
Goa,Auto,1.17,2,1,3,Standard,68.63
Goa,Taxi,27.36,9,4,5,SUV,926.66
Goa,Auto,8.98,6,3,8,Standard,184.15
Bengaluru,Taxi,7.49,22,4,10,SUV,371.37
Jaipur,Taxi,9.07,0,6,6,SUV,306.41
Delhi,Auto,35.19,19,1,1,Standard,462.09
Delhi,Auto,23.16,1,0,4,Standard,355.59
Pune,Auto,36.42,6,2,1,Standard,456.34
Goa,Taxi,5.22,10,2,7,Sedan,181.72
Delhi,Taxi,35.23,6,4,12,SUV,1027.82
Jaipur,Taxi,10.96,2,0,5,Hatchback,195.19
Nagpur,Taxi,16.82,16,2,2,Hatchback,274.88
Goa,Auto,21.38,20,0,5,Standard,364.01
Nagpur,Auto,18.87,11,4,1,Standard,179.74
Pune,Taxi,36.96,16,2,7,Sedan,677.83
Mumbai,Auto,22.41,1,0,10,Standard,353.95
Bengaluru,Taxi,36.0,16,5,9,Hatchback,908.63
Nagpur,Auto,18.0,3,2,9,Standard,225.61
Bengaluru,Auto,4.32,18,3,7,Standard,99.72
Pune,Taxi,8.77,13,0,8,SUV,305.51
Jaipur,Auto,13.98,17,1,6,Standard,149.2
Delhi,Taxi,14.56,10,3,12,SUV,428.11
Delhi,Taxi,38.12,7,4,11,Hatchback,752.13
Goa,Taxi,7.21,12,5,3,Hatchback,213.46
Goa,Auto,22.82,2,5,6,Standard,529.53
Delhi,Auto,22.37,19,6,4,Standard,278.86
Goa,Taxi,6.91,16,2,4,Sedan,222.8
Goa,Auto,19.68,12,3,10,Standard,342.07
Jaipur,Taxi,13.35,20,2,12,Hatchback,244.48
Nagpur,Auto,35.12,11,2,7,Standard,307.96
Nagpur,Taxi,19.22,6,0,9,SUV,487.46
Bengaluru,Taxi,33.85,20,3,4,SUV,1200.29
Jaipur,Taxi,31.94,15,3,12,Hatchback,554.5
Mumbai,Taxi,12.41,10,1,12,SUV,474.66
Jaipur,Auto,1.04,19,0,1,Standard,36.47
Mumbai,Taxi,2.87,4,5,5,Sedan,141.78
Delhi,Auto,9.45,21,0,6,Standard,154.79
Bengaluru,Auto,4.66,19,6,12,Standard,122.19
Mumbai,Auto,15.67,22,4,7,Standard,280.91
Bengaluru,Auto,16.86,1,4,10,Standard,341.43
Bengaluru,Taxi,12.22,8,0,1,Sedan,368.17
Delhi,Taxi,37.51,9,1,11,Sedan,781.98
Jaipur,Auto,31.43,19,1,12,Standard,303.66
Goa,Taxi,3.96,8,1,10,SUV,239.29
Bengaluru,Taxi,28.04,15,5,4,Hatchback,684.21
Goa,Taxi,20.22,20,4,2,Hatchback,466.07
Delhi,Taxi,28.38,1,0,7,SUV,1103.3
Nagpur,Auto,2.2,1,1,7,Standard,46.43
Pune,Taxi,11.2,14,2,10,SUV,336.05
Pune,Taxi,13.43,16,4,12,Sedan,271.23
Bengaluru,Taxi,8.29,9,4,7,SUV,353.95
Mumbai,Auto,10.46,22,4,7,Standard,233.2
Bengaluru,Auto,32.68,0,1,2,Standard,648.25
Bengaluru,Taxi,16.9,11,1,9,SUV,580.72
Bengaluru,Auto,34.47,18,1,12,Standard,535.12
Nagpur,Auto,2.54,1,5,12,Standard,56.4
Nagpur,Taxi,16.25,1,0,5,SUV,438.21
Bengaluru,Taxi,4.35,0,4,6,Hatchback,166.06
Goa,Taxi,35.22,12,5,4,Hatchback,947.73
Jaipur,Taxi,13.49,13,6,11,Sedan,300.8
Bengaluru,Taxi,4.49,1,0,12,Sedan,176.63
Mumbai,Taxi,22.57,16,0,12,Sedan,490.23
Delhi,Taxi,21.54,7,2,12,Sedan,538.48
Mumbai,Auto,25.37,1,4,12,Standard,416.23
Delhi,Taxi,18.3,13,0,4,SUV,605.22
Bengaluru,Taxi,36.73,0,4,2,SUV,1342.63
Nagpur,Auto,14.6,18,2,8,Standard,170.1
Delhi,Auto,35.0,22,1,2,Standard,633.32
Goa,Taxi,39.2,21,4,4,Sedan,1093.93
Jaipur,Taxi,34.62,13,3,4,Sedan,613.96
Pune,Auto,4.69,18,0,12,Standard,76.94
Jaipur,Auto,19.5,13,5,6,Standard,232.88
Goa,Taxi,32.68,13,3,12,Hatchback,868.57
Pune,Auto,16.53,4,5,9,Standard,254.37
Nagpur,Auto,17.87,16,5,11,Standard,187.44
Mumbai,Auto,18.94,12,1,10,Standard,262.6
Bengaluru,Auto,18.31,22,4,1,Standard,353.9
Jaipur,Taxi,26.1,2,3,6,Hatchback,421.59
Pune,Taxi,12.37,18,1,6,Hatchback,249.26
Mumbai,Taxi,14.31,15,3,8,Hatchback,309.19
Delhi,Auto,12.56,17,6,4,Standard,211.99
Delhi,Taxi,2.14,2,5,5,Hatchback,105.12
Bengaluru,Taxi,13.86,17,4,4,Hatchback,364.03
Goa,Taxi,38.33,11,6,7,SUV,1405.39
Mumbai,Auto,26.28,9,4,7,Standard,340.57
Goa,Auto,1.17,19,1,5,Standard,56.26
Jaipur,Taxi,37.97,17,6,8,SUV,891.56
Bengaluru,Taxi,10.08,0,6,3,SUV,511.08
Mumbai,Taxi,29.51,4,2,11,Sedan,751.63
Jaipur,Auto,20.24,5,4,1,Standard,216.07
Jaipur,Auto,39.82,5,1,4,Standard,400.24
Nagpur,Taxi,22.87,12,1,1,SUV,456.76
Bengaluru,Taxi,37.68,8,6,3,Sedan,1116.64
Jaipur,Auto,11.12,18,3,6,Standard,125.38
Goa,Auto,28.19,10,3,12,Standard,419.33
Jaipur,Auto,16.25,21,4,6,Standard,200.62
Jaipur,Auto,2.94,12,4,8,Standard,59.05
Delhi,Auto,37.65,7,2,6,Standard,510.93
Delhi,Auto,35.96,17,5,7,Standard,470.65
Goa,Taxi,30.15,8,4,4,SUV,1188.54
Pune,Taxi,37.65,11,5,9,SUV,1141.61
Jaipur,Taxi,33.45,6,3,7,Hatchback,563.52
Pune,Auto,7.02,21,6,8,Standard,110.38
Pune,Auto,37.05,19,2,4,Standard,394.94
Jaipur,Auto,26.62,20,2,5,Standard,265.18
Jaipur,Auto,34.79,1,2,1,Standard,422.16
Goa,Auto,32.19,11,5,1,Standard,563.77
Pune,Auto,19.08,23,6,1,Standard,254.34
Nagpur,Auto,36.79,19,6,4,Standard,378.87
Jaipur,Auto,9.86,23,3,3,Standard,144.89
Pune,Auto,25.76,11,5,11,Standard,360.08
Mumbai,Taxi,37.09,2,3,3,SUV,1362.92
Delhi,Taxi,2.5,4,5,12,Hatchback,128.08
Delhi,Auto,26.66,17,0,5,Standard,328.33
Nagpur,Taxi,36.45,19,2,11,Sedan,613.04
Jaipur,Taxi,30.27,19,6,6,Sedan,514.18
Goa,Taxi,6.55,21,2,10,Sedan,207.34
Goa,Taxi,14.96,14,6,5,Hatchback,384.23
Bengaluru,Auto,32.44,11,0,12,Standard,451.61
Delhi,Auto,21.61,17,5,11,Standard,295.89
Delhi,Auto,11.12,13,0,10,Standard,179.37
Jaipur,Taxi,10.05,3,0,8,SUV,317.76
Delhi,Auto,13.19,21,1,12,Standard,189.16
Mumbai,Auto,19.48,17,6,2,Standard,301.57
Nagpur,Taxi,10.76,3,6,3,Hatchback,226.73
Jaipur,Auto,15.61,13,5,12,Standard,197.4
Jaipur,Taxi,11.04,3,1,7,Hatchback,194.61
Delhi,Taxi,39.05,20,3,7,SUV,1036.45
Pune,Taxi,23.27,2,4,7,Hatchback,455.05
Goa,Taxi,24.31,2,3,12,SUV,1187.76
Mumbai,Auto,2.27,10,5,10,Standard,74.61
Pune,Taxi,36.66,22,5,7,Sedan,844.98
Jaipur,Taxi,38.14,6,2,4,Sedan,706.79
Pune,Taxi,20.58,2,5,5,Hatchback,473.39
Mumbai,Taxi,24.7,7,3,5,Hatchback,525.63
Goa,Taxi,7.85,23,1,2,SUV,438.82
Nagpur,Auto,30.92,14,3,8,Standard,279.41
Pune,Taxi,29.02,9,4,1,Sedan,606.49
Jaipur,Auto,35.92,16,6,12,Standard,362.61
Delhi,Taxi,35.43,11,1,2,Hatchback,751.0
Jaipur,Taxi,39.27,15,3,2,SUV,947.86
Mumbai,Auto,16.91,21,4,2,Standard,287.13
Bengaluru,Taxi,36.23,10,6,2,Hatchback,969.96
Nagpur,Taxi,5.35,13,1,11,SUV,166.79
Jaipur,Taxi,20.63,7,6,10,SUV,487.73
Mumbai,Taxi,23.12,2,6,6,Hatchback,635.96
Jaipur,Auto,31.34,3,6,1,Standard,365.87
Pune,Auto,1.04,20,2,6,Standard,44.7
Jaipur,Taxi,34.67,1,2,5,Hatchback,567.76
Mumbai,Taxi,6.11,20,3,12,Sedan,208.74
Nagpur,Auto,35.6,23,2,11,Standard,364.86
Mumbai,Taxi,13.33,12,3,7,SUV,425.08
Jaipur,Taxi,1.33,23,6,4,Hatchback,65.15
Jaipur,Auto,12.61,2,4,12,Standard,171.6
Nagpur,Auto,2.74,7,6,9,Standard,53.12
Bengaluru,Taxi,2.89,10,0,4,Sedan,126.12
Bengaluru,Taxi,22.27,5,1,1,Sedan,541.72
Pune,Taxi,32.05,5,0,9,Hatchback,596.74
Jaipur,Taxi,16.08,3,5,11,SUV,461.27
Bengaluru,Taxi,21.96,21,5,11,Sedan,559.87
Jaipur,Auto,29.79,19,0,8,Standard,331.69
Pune,Auto,17.71,5,0,1,Standard,195.94
Nagpur,Taxi,28.25,3,6,1,Hatchback,536.04
Mumbai,Auto,17.91,8,4,6,Standard,296.69
Mumbai,Auto,8.03,14,0,9,Standard,137.61
Goa,Taxi,30.39,19,2,11,SUV,1067.45
Delhi,Auto,24.61,4,4,7,Standard,395.05
Bengaluru,Taxi,8.26,13,3,2,SUV,332.89
Bengaluru,Taxi,30.45,16,4,7,SUV,1138.81
Goa,Auto,23.8,12,0,3,Standard,422.19
Goa,Auto,22.21,0,2,6,Standard,487.04
Bengaluru,Taxi,22.23,16,3,12,Sedan,567.85
Mumbai,Taxi,6.45,21,5,12,SUV,304.15
Delhi,Auto,12.78,12,3,3,Standard,186.1
Nagpur,Taxi,12.58,21,0,2,Sedan,245.47
Bengaluru,Taxi,12.63,20,5,2,SUV,506.1
Delhi,Taxi,24.44,17,5,7,Sedan,530.87
Bengaluru,Auto,2.06,8,3,6,Standard,66.64
Pune,Auto,37.15,6,3,9,Standard,437.3
Nagpur,Taxi,11.85,7,3,11,Sedan,223.15
Jaipur,Taxi,29.43,22,6,2,Hatchback,570.43
Pune,Taxi,38.13,22,4,2,SUV,1187.43
Nagpur,Auto,15.95,19,1,5,Standard,150.03
Delhi,Taxi,29.97,21,1,10,Hatchback,531.6
Pune,Auto,6.0,5,2,8,Standard,86.25
Nagpur,Taxi,21.92,14,5,10,Sedan,412.58
Bengaluru,Taxi,14.05,14,4,10,Hatchback,381.88
Goa,Auto,35.88,18,4,8,Standard,597.51
Mumbai,Auto,37.26,4,0,8,Standard,576.28
Delhi,Auto,39.53,11,4,12,Standard,458.03
Pune,Taxi,17.87,15,1,11,Sedan,398.49
Goa,Auto,34.6,3,3,4,Standard,786.9
Nagpur,Auto,33.48,14,6,3,Standard,361.66
Goa,Auto,17.32,9,4,7,Standard,281.37
Pune,Taxi,23.38,6,4,12,Sedan,494.63
Jaipur,Taxi,21.69,5,5,1,Hatchback,336.14
Nagpur,Taxi,4.0,15,2,4,Hatchback,96.38
Jaipur,Taxi,16.17,22,1,7,Sedan,367.84
Goa,Taxi,19.34,16,2,5,Sedan,563.91
Goa,Taxi,27.88,1,1,8,Hatchback,934.55
Pune,Auto,15.49,10,4,4,Standard,189.8
Bengaluru,Taxi,24.31,18,4,2,SUV,802.52
Goa,Auto,24.55,4,1,6,Standard,568.81
Delhi,Taxi,32.54,2,6,10,Hatchback,873.86
Nagpur,Auto,25.54,8,6,8,Standard,290.07
Nagpur,Taxi,39.67,22,1,7,SUV,1013.46
Mumbai,Auto,23.29,8,2,5,Standard,310.27
Nagpur,Auto,10.12,10,3,4,Standard,122.7
Pune,Taxi,35.9,15,4,7,Sedan,699.76
Jaipur,Auto,26.37,13,5,11,Standard,280.45
Goa,Auto,25.56,23,0,9,Standard,617.43
Pune,Taxi,5.2,15,5,4,SUV,195.18
Goa,Taxi,16.62,2,0,4,Hatchback,529.29
Pune,Auto,37.44,14,0,8,Standard,454.41
Mumbai,Auto,28.56,0,5,3,Standard,496.1
Jaipur,Taxi,7.66,8,0,12,SUV,232.54
Goa,Taxi,17.06,7,1,12,Sedan,464.89
Delhi,Auto,4.67,17,0,11,Standard,95.26
Delhi,Auto,12.56,17,6,5,Standard,176.95
Jaipur,Taxi,28.03,7,6,6,Sedan,456.89
Pune,Auto,17.04,22,0,2,Standard,256.08
Pune,Auto,39.22,13,2,1,Standard,465.84
Pune,Auto,13.05,11,1,10,Standard,172.55
Jaipur,Taxi,19.23,10,2,11,Sedan,321.72
Goa,Auto,27.69,19,0,9,Standard,502.28
Nagpur,Auto,27.03,2,0,11,Standard,272.8
Bengaluru,Auto,8.07,18,4,3,Standard,137.9
Nagpur,Taxi,15.91,12,3,10,Hatchback,260.65
Bengaluru,Taxi,23.22,7,1,9,Sedan,604.91
Pune,Auto,33.56,20,6,9,Standard,440.0
Nagpur,Taxi,31.93,9,1,5,SUV,726.43
Goa,Taxi,1.09,13,5,3,Hatchback,92.17
Nagpur,Auto,8.46,9,5,9,Standard,106.13
Nagpur,Taxi,9.14,11,0,12,Hatchback,160.42
Bengaluru,Auto,20.8,11,6,5,Standard,327.78
Nagpur,Taxi,37.81,4,4,6,Hatchback,578.51
Bengaluru,Auto,14.26,0,4,6,Standard,258.27
Goa,Auto,35.29,15,6,11,Standard,652.56
Nagpur,Auto,12.05,6,2,10,Standard,119.61
Goa,Auto,13.8,8,3,2,Standard,267.08
Pune,Taxi,2.47,18,6,10,Sedan,95.38
Nagpur,Auto,37.45,9,5,12,Standard,389.16
Bengaluru,Auto,17.76,18,4,10,Standard,300.36
Bengaluru,Taxi,28.33,14,5,11,Hatchback,623.23
Goa,Auto,4.32,8,4,8,Standard,117.26
Mumbai,Taxi,32.14,8,6,12,Sedan,889.01
Bengaluru,Taxi,16.3,11,3,7,Hatchback,433.04
Mumbai,Auto,22.17,16,3,1,Standard,343.33
Bengaluru,Auto,11.17,23,5,3,Standard,224.2
Jaipur,Taxi,24.82,20,3,10,Hatchback,399.54
Mumbai,Auto,30.62,0,5,6,Standard,592.11
Bengaluru,Taxi,14.38,1,1,12,Hatchback,449.88
Delhi,Taxi,17.95,15,6,12,SUV,592.06
Nagpur,Auto,5.85,1,6,3,Standard,84.93
Goa,Taxi,13.63,22,3,7,SUV,763.18
Goa,Auto,21.05,2,5,7,Standard,518.87
Nagpur,Auto,30.59,13,6,9,Standard,342.05
Jaipur,Auto,13.6,11,1,1,Standard,165.88
Mumbai,Taxi,34.16,4,3,9,Sedan,992.08
Pune,Auto,38.71,19,5,4,Standard,414.19
Delhi,Auto,36.36,22,3,8,Standard,565.57
Bengaluru,Auto,35.77,12,2,7,Standard,507.1
Nagpur,Auto,10.9,21,2,4,Standard,125.88
Delhi,Auto,30.14,22,1,4,Standard,446.57
Mumbai,Taxi,9.67,14,5,7,Sedan,258.11
Jaipur,Taxi,35.43,3,3,5,Hatchback,573.77
Delhi,Auto,35.56,5,5,7,Standard,527.91
Bengaluru,Taxi,18.34,10,5,1,Hatchback,478.46
Pune,Auto,11.33,15,6,6,Standard,164.33
Jaipur,Auto,37.7,16,5,6,Standard,372.92
Delhi,Taxi,30.25,8,6,1,Hatchback,692.9
Goa,Taxi,16.18,13,4,8,Hatchback,404.64
Delhi,Taxi,38.37,15,3,8,Sedan,793.72
Delhi,Auto,8.79,2,0,6,Standard,183.67
Goa,Taxi,31.3,1,4,10,SUV,1337.5
Mumbai,Taxi,34.19,23,0,7,SUV,1275.5
Delhi,Taxi,30.05,23,2,6,Sedan,769.65
Goa,Auto,15.25,10,1,4,Standard,294.46
Nagpur,Auto,39.37,20,5,11,Standard,422.29
Goa,Taxi,19.19,18,5,2,Hatchback,465.92
Jaipur,Taxi,23.81,21,2,7,Hatchback,344.52
Pune,Auto,39.75,2,4,2,Standard,551.37
Delhi,Taxi,38.5,8,3,7,SUV,1000.55
Jaipur,Auto,18.5,2,4,11,Standard,239.33
Bengaluru,Auto,11.95,14,5,10,Standard,216.93
Jaipur,Auto,28.62,0,5,6,Standard,366.26
Delhi,Auto,39.14,18,2,1,Standard,505.91
Pune,Taxi,29.01,22,1,12,Hatchback,554.05
Jaipur,Taxi,28.47,15,3,5,SUV,733.33
Delhi,Auto,27.54,19,4,7,Standard,335.11
Nagpur,Taxi,3.14,2,1,2,Hatchback,86.89
Bengaluru,Taxi,19.9,14,6,4,Hatchback,477.46
Pune,Taxi,18.7,23,4,6,Hatchback,368.22
Bengaluru,Auto,33.28,0,1,6,Standard,611.09
Delhi,Taxi,37.27,23,6,11,Sedan,966.44
Jaipur,Taxi,19.75,7,6,6,SUV,572.15
Pune,Auto,13.09,15,3,5,Standard,154.74
Mumbai,Taxi,3.98,21,1,1,Hatchback,121.37
Pune,Auto,11.43,13,6,6,Standard,162.45
Mumbai,Auto,38.08,16,6,9,Standard,547.22
Nagpur,Taxi,22.46,10,2,10,Hatchback,364.18
Mumbai,Auto,36.75,17,3,6,Standard,503.72
Pune,Taxi,18.97,19,1,4,Hatchback,355.53
Goa,Taxi,9.59,17,6,10,SUV,396.05
Jaipur,Taxi,3.16,6,4,2,SUV,138.89
Goa,Auto,11.11,22,4,3,Standard,258.99
Nagpur,Taxi,24.72,11,4,8,SUV,587.13
Nagpur,Taxi,29.68,3,1,2,SUV,723.12
Nagpur,Auto,12.51,2,2,12,Standard,146.7
Nagpur,Taxi,13.96,20,2,6,Sedan,231.19
Mumbai,Taxi,9.71,6,0,5,Hatchback,234.25
